Timestamp,Open,High,Low,Close
5/4/2018,0.5,1.5,0.5,0.8899
5/5/2018,0.8898,0.935,0.888,0.9028
5/6/2018,0.9028,0.918,0.83774,0.86483
5/7/2018,0.86482,0.86886,0.8,0.8249
5/8/2018,0.8249,0.84802,0.792,0.80667
5/9/2018,0.80667,0.81894,0.7569,0.79481
5/10/2018,0.79481,0.80572,0.74085,0.74558
5/11/2018,0.7492,0.75602,0.64758,0.6761
5/12/2018,0.67376,0.71,0.62519,0.68522
5/13/2018,0.68192,0.7501,0.66456,0.72999
5/14/2018,0.72999,0.7499,0.68585,0.72694
5/15/2018,0.72695,0.74892,0.6801,0.689
5/16/2018,0.689,0.712,0.65756,0.70585
5/17/2018,0.70942,0.712,0.6482,0.65849
5/18/2018,0.65849,0.68255,0.646,0.67766
5/19/2018,0.67698,0.69139,0.6611,0.67339
5/20/2018,0.67483,0.70659,0.668,0.6994
5/21/2018,0.6994,0.705,0.66666,0.67612
5/22/2018,0.67612,0.67817,0.635,0.63782
5/23/2018,0.63782,0.64488,0.5731,0.59198
5/24/2018,0.59053,0.64,0.57617,0.62814
5/25/2018,0.62966,0.63391,0.59336,0.60459
5/26/2018,0.60596,0.62618,0.59771,0.60852
5/27/2018,0.60907,0.648,0.59705,0.60416
5/28/2018,0.60417,0.6091,0.5434,0.54689
5/29/2018,0.54689,0.60921,0.54303,0.59998
5/30/2018,0.5997,0.626,0.58101,0.60149
5/31/2018,0.60051,0.62255,0.58829,0.6114
6/1/2018,0.6114,0.62428,0.6024,0.62151
6/2/2018,0.62236,0.65204,0.61513,0.64269
6/3/2018,0.64285,0.69101,0.63862,0.6901
6/4/2018,0.6901,0.707,0.6351,0.65507
6/5/2018,0.65508,0.686,0.6328,0.67464
6/6/2018,0.67507,0.6833,0.653,0.6741
6/7/2018,0.6738,0.69,0.67089,0.67756
6/8/2018,0.6777,0.68,0.65832,0.6721
6/9/2018,0.67211,0.68,0.65514,0.6574
6/10/2018,0.65687,0.6585,0.55,0.58201
6/11/2018,0.58202,0.6,0.56,0.59989
6/12/2018,0.59901,0.5991,0.5415,0.5556
6/13/2018,0.5556,0.56124,0.50401,0.52862
6/14/2018,0.52863,0.569,0.51934,0.55769
6/15/2018,0.55765,0.55927,0.52447,0.53258
6/16/2018,0.53224,0.5385,0.51733,0.53275
6/17/2018,0.53232,0.5437,0.51999,0.52617
6/18/2018,0.52669,0.5535,0.50818,0.5387
6/19/2018,0.53835,0.56185,0.5207,0.54834
6/20/2018,0.54833,0.55188,0.52065,0.53916
6/21/2018,0.53919,0.549,0.52899,0.53457
6/22/2018,0.5342,0.53506,0.46859,0.48216
6/23/2018,0.48287,0.49909,0.47333,0.49005
6/24/2018,0.48963,0.51,0.43724,0.47331
6/25/2018,0.47418,0.4992,0.47123,0.48125
6/26/2018,0.48125,0.48241,0.4511,0.453
6/27/2018,0.45218,0.47518,0.44787,0.4701
6/28/2018,0.47042,0.47396,0.442,0.44575
6/29/2018,0.4463,0.46124,0.42393,0.45321
6/30/2018,0.45346,0.48318,0.45312,0.46796
7/1/2018,0.46797,0.46989,0.45007,0.46222
7/2/2018,0.46222,0.4954,0.452,0.4899
7/3/2018,0.48913,0.52,0.47801,0.4844
7/4/2018,0.48469,0.508,0.47941,0.49097
7/5/2018,0.49155,0.50295,0.46887,0.4769
7/6/2018,0.47772,0.48156,0.45747,0.47698
7/7/2018,0.47644,0.488,0.46381,0.48494
7/8/2018,0.4852,0.48798,0.4751,0.47915
7/9/2018,0.47872,0.48201,0.47015,0.473
7/10/2018,0.4728,0.47338,0.43866,0.44337
7/11/2018,0.44247,0.45134,0.43957,0.44872
7/12/2018,0.449,0.44932,0.4236,0.43675
7/13/2018,0.43706,0.44509,0.43001,0.43754
7/14/2018,0.43761,0.4443,0.431,0.43864
7/15/2018,0.43864,0.45004,0.43509,0.44681
7/16/2018,0.44695,0.4858,0.4435,0.48173
7/17/2018,0.48173,0.52019,0.4665,0.50728
7/18/2018,0.50651,0.52525,0.4752,0.48868
7/19/2018,0.48869,0.495,0.47125,0.47687
7/20/2018,0.47703,0.4773,0.431,0.44439
7/21/2018,0.4444,0.459,0.4346,0.45506
7/22/2018,0.45467,0.46409,0.44589,0.44859
7/23/2018,0.44859,0.46371,0.44212,0.44499
7/24/2018,0.4452,0.4715,0.438,0.45885
7/25/2018,0.45741,0.46878,0.45153,0.4598
7/26/2018,0.45983,0.46887,0.44538,0.44968
7/27/2018,0.44878,0.462,0.444,0.4555
7/28/2018,0.4555,0.45887,0.44803,0.45641
7/29/2018,0.45643,0.45849,0.45,0.45315
7/30/2018,0.45315,0.45621,0.43382,0.44534
7/31/2018,0.44616,0.44641,0.4268,0.4353
8/1/2018,0.4353,0.46382,0.42671,0.44642
8/2/2018,0.44673,0.44888,0.42849,0.42975
8/3/2018,0.43021,0.44619,0.4253,0.44033
8/4/2018,0.44097,0.445,0.42741,0.42985
8/5/2018,0.42984,0.43705,0.42705,0.4345
8/6/2018,0.43437,0.43699,0.40127,0.4129
8/7/2018,0.41328,0.41567,0.37387,0.37863
8/8/2018,0.37863,0.37863,0.31928,0.33171
8/9/2018,0.33197,0.35799,0.328,0.3441
8/10/2018,0.3441,0.34689,0.31236,0.31897
8/11/2018,0.31897,0.32008,0.2874,0.29784
8/12/2018,0.29708,0.30938,0.29401,0.29547
8/13/2018,0.29575,0.309,0.27127,0.2743
8/14/2018,0.2743,0.27732,0.24672,0.2725
8/15/2018,0.2728,0.30234,0.2728,0.28039
8/16/2018,0.28,0.30184,0.2755,0.29142
8/17/2018,0.29161,0.37506,0.29085,0.3672
8/18/2018,0.36721,0.37,0.31039,0.32829
8/19/2018,0.32848,0.35281,0.316,0.34201
8/20/2018,0.34201,0.35095,0.3128,0.31499
8/21/2018,0.315,0.33799,0.31302,0.33339
8/22/2018,0.33398,0.35499,0.31039,0.3185
8/23/2018,0.31849,0.32958,0.31306,0.3263
8/24/2018,0.3263,0.329,0.31577,0.32646
8/25/2018,0.32647,0.332,0.3216,0.32702
8/26/2018,0.32759,0.32912,0.318,0.32276
8/27/2018,0.32277,0.34062,0.32145,0.33901
8/28/2018,0.339,0.35809,0.33423,0.35128
8/29/2018,0.35067,0.3556,0.33361,0.34494
8/30/2018,0.34494,0.3466,0.32252,0.33518
8/31/2018,0.3347,0.349,0.32728,0.3353
9/1/2018,0.3353,0.35517,0.33476,0.34699
9/2/2018,0.34698,0.34918,0.33,0.34253
9/3/2018,0.34237,0.34387,0.333,0.33493
9/4/2018,0.33491,0.34157,0.32819,0.33116
9/5/2018,0.33116,0.334,0.2772,0.27889
9/6/2018,0.27899,0.307,0.2676,0.30179
9/7/2018,0.30182,0.30445,0.28092,0.2869
9/8/2018,0.28686,0.294,0.26891,0.27679
9/9/2018,0.27665,0.2908,0.27,0.2766
9/10/2018,0.27699,0.28263,0.259,0.27
9/11/2018,0.27,0.276,0.25261,0.26314
9/12/2018,0.26349,0.27413,0.25308,0.2699
9/13/2018,0.26959,0.28641,0.2676,0.27933
9/14/2018,0.27892,0.2867,0.27138,0.27571
9/15/2018,0.2761,0.28489,0.27533,0.28031
9/16/2018,0.2803,0.28229,0.27351,0.28122
9/17/2018,0.28122,0.28373,0.26662,0.2706
9/18/2018,0.2706,0.337,0.269,0.31897
9/19/2018,0.31898,0.337,0.3109,0.32679
9/20/2018,0.32718,0.492,0.32103,0.44819
9/21/2018,0.44877,0.8,0.4185,0.56405
9/22/2018,0.56399,0.63,0.49094,0.57368
9/23/2018,0.57249,0.59975,0.55501,0.5719
9/24/2018,0.5719,0.5831,0.48256,0.49358
9/25/2018,0.49235,0.549,0.43558,0.5256
9/26/2018,0.52633,0.57299,0.48364,0.513
9/27/2018,0.51343,0.555,0.50578,0.54305
9/28/2018,0.54305,0.55,0.51624,0.54025
9/29/2018,0.54026,0.5968,0.52505,0.56876
9/30/2018,0.56875,0.62604,0.55744,0.58257
10/1/2018,0.58257,0.6059,0.532,0.5776
10/2/2018,0.57734,0.58038,0.515,0.51692
10/3/2018,0.51692,0.5388,0.50785,0.5293
10/4/2018,0.52982,0.54999,0.5257,0.5294
10/5/2018,0.52921,0.53331,0.51031,0.5211
10/6/2018,0.52098,0.5226,0.46859,0.48964
10/7/2018,0.4893,0.49149,0.46666,0.48269
10/8/2018,0.4826,0.50449,0.47824,0.49335
10/9/2018,0.49302,0.49387,0.47108,0.48199
10/10/2018,0.48171,0.48171,0.46066,0.46605
10/11/2018,0.46632,0.46632,0.37713,0.38315
10/12/2018,0.38319,0.44953,0.37685,0.42071
10/13/2018,0.42071,0.432,0.417,0.4227
10/14/2018,0.42259,0.43057,0.40321,0.40994
10/15/2018,0.40951,0.52179,0.39771,0.46168
10/16/2018,0.46183,0.48896,0.45554,0.48352
10/17/2018,0.48352,0.49818,0.47201,0.48437
10/18/2018,0.48383,0.49408,0.456,0.4675
10/19/2018,0.46848,0.473,0.458,0.46077
10/20/2018,0.46103,0.47293,0.45633,0.46788
10/21/2018,0.46772,0.47476,0.4635,0.46458
10/22/2018,0.46458,0.46901,0.45475,0.46192
10/23/2018,0.46163,0.48649,0.444,0.47006
10/24/2018,0.47005,0.478,0.46,0.46402
10/25/2018,0.46401,0.4731,0.45688,0.46351
10/26/2018,0.46351,0.471,0.45923,0.46657
10/27/2018,0.46657,0.4681,0.4576,0.46012
10/28/2018,0.4601,0.46695,0.458,0.46472
10/29/2018,0.46483,0.46516,0.4343,0.44506
10/30/2018,0.44554,0.455,0.444,0.44749
10/31/2018,0.44734,0.46097,0.4375,0.45418
11/1/2018,0.45418,0.462,0.4485,0.46141
11/2/2018,0.46137,0.46899,0.45901,0.463
11/3/2018,0.46281,0.46449,0.45433,0.45713
11/4/2018,0.45706,0.47959,0.44955,0.46999
11/5/2018,0.46999,0.50644,0.461,0.5022
11/6/2018,0.5022,0.56878,0.50053,0.55523
11/7/2018,0.5546,0.5555,0.52751,0.5409
11/8/2018,0.5409,0.5468,0.492,0.49694
11/9/2018,0.49713,0.5227,0.496,0.5044
11/10/2018,0.50463,0.51748,0.5027,0.50956
11/11/2018,0.50941,0.51233,0.49764,0.51019
11/12/2018,0.51018,0.53499,0.50521,0.5245
11/13/2018,0.52403,0.53464,0.51111,0.51736
11/14/2018,0.51817,0.52012,0.422,0.4846
11/15/2018,0.48461,0.4947,0.4311,0.48931
11/16/2018,0.48931,0.49568,0.46382,0.47765
11/17/2018,0.47805,0.505,0.46939,0.49813
11/18/2018,0.49815,0.532,0.49537,0.51611
11/19/2018,0.51608,0.51695,0.4645,0.4825
11/20/2018,0.48235,0.50865,0.4095,0.44285
11/21/2018,0.44285,0.46947,0.41933,0.45367
11/22/2018,0.45345,0.45785,0.424,0.42831
11/23/2018,0.42766,0.44376,0.39674,0.41447
11/24/2018,0.41461,0.42878,0.37001,0.37982
11/25/2018,0.37977,0.39639,0.32802,0.382
11/26/2018,0.38186,0.39999,0.34625,0.36354
11/27/2018,0.3634,0.376,0.34634,0.365
11/28/2018,0.36476,0.40319,0.36476,0.39203
11/29/2018,0.3922,0.395,0.37072,0.38149
11/30/2018,0.38148,0.38331,0.355,0.36466
12/1/2018,0.36492,0.379,0.35617,0.37205
12/2/2018,0.372,0.3799,0.366,0.36963
12/3/2018,0.36974,0.371,0.34553,0.34827
12/4/2018,0.34827,0.36255,0.33913,0.35231
12/5/2018,0.35235,0.361,0.338,0.3395
12/6/2018,0.33906,0.3455,0.30671,0.30919
12/7/2018,0.30959,0.312,0.2865,0.30114
12/8/2018,0.30114,0.325,0.29117,0.30247
12/9/2018,0.30247,0.31965,0.2983,0.30914
12/10/2018,0.30944,0.31377,0.29424,0.29956
12/11/2018,0.2995,0.31,0.29396,0.29904
12/12/2018,0.29905,0.31064,0.2971,0.30463
12/13/2018,0.30463,0.30569,0.29558,0.29934
12/14/2018,0.29916,0.3008,0.28312,0.28816
12/15/2018,0.28803,0.29149,0.2805,0.28422
12/16/2018,0.28421,0.2954,0.28312,0.28669
12/17/2018,0.28669,0.337,0.285,0.32721
12/18/2018,0.32721,0.3498,0.32149,0.34979
12/19/2018,0.34979,0.39265,0.34165,0.34468
12/20/2018,0.34468,0.38368,0.339,0.37228
12/21/2018,0.37228,0.383,0.34584,0.35428
12/22/2018,0.35405,0.36,0.34383,0.35644
12/23/2018,0.35645,0.37784,0.35407,0.3669
12/24/2018,0.36691,0.45,0.36665,0.40092
12/25/2018,0.40075,0.40399,0.36,0.37598
12/26/2018,0.37599,0.38942,0.35327,0.37253
12/27/2018,0.37298,0.375,0.325,0.33368
12/28/2018,0.3337,0.37559,0.32823,0.36997
12/29/2018,0.37017,0.37913,0.35103,0.35593
12/30/2018,0.35622,0.36578,0.3508,0.36489
12/31/2018,0.36488,0.36932,0.3435,0.34849
1/1/2019,0.34864,0.36111,0.34533,0.3608
1/2/2019,0.36057,0.3745,0.3535,0.36882
1/3/2019,0.3686,0.3691,0.34778,0.3524
1/4/2019,0.35255,0.358,0.34385,0.35308
1/5/2019,0.35303,0.35981,0.345,0.34851
1/6/2019,0.34851,0.36446,0.34542,0.36042
1/7/2019,0.36042,0.37218,0.35701,0.36022
1/8/2019,0.36015,0.36796,0.3545,0.36073
1/9/2019,0.36073,0.36919,0.35775,0.3648
1/10/2019,0.36479,0.37963,0.315,0.32464
1/11/2019,0.32464,0.33418,0.31559,0.3258
1/12/2019,0.3258,0.32977,0.32071,0.32557
1/13/2019,0.32554,0.32953,0.30796,0.31132
1/14/2019,0.31139,0.33593,0.31115,0.32871
1/15/2019,0.3286,0.33176,0.31606,0.3215
1/16/2019,0.32154,0.33196,0.3201,0.3257
1/17/2019,0.3258,0.3284,0.31926,0.32489
1/18/2019,0.32468,0.32548,0.3161,0.32036
1/19/2019,0.32042,0.3325,0.31927,0.3267
1/20/2019,0.32672,0.32861,0.31089,0.3168
1/21/2019,0.31697,0.32163,0.3127,0.31767
1/22/2019,0.31766,0.3202,0.30611,0.31762
1/23/2019,0.31762,0.31933,0.312,0.31415
1/24/2019,0.31422,0.31795,0.31255,0.31593
1/25/2019,0.31584,0.31698,0.31,0.31384
1/26/2019,0.314,0.31887,0.3119,0.31258
1/27/2019,0.3126,0.31409,0.30272,0.30646
1/28/2019,0.30653,0.30767,0.28089,0.29223
1/29/2019,0.29223,0.294,0.28126,0.28693
1/30/2019,0.28694,0.32646,0.28447,0.32109
1/31/2019,0.32118,0.3358,0.30349,0.30911
2/1/2019,0.3092,0.31197,0.295,0.30624
2/2/2019,0.30628,0.31377,0.30428,0.3103
2/3/2019,0.31042,0.31215,0.289,0.30219
2/4/2019,0.30204,0.30566,0.29736,0.29939
2/5/2019,0.29932,0.30225,0.29642,0.29972
2/6/2019,0.29972,0.30101,0.28809,0.2894
2/7/2019,0.28934,0.29469,0.28913,0.29145
2/8/2019,0.29146,0.32129,0.28908,0.31205
2/9/2019,0.31195,0.3164,0.30719,0.31215
2/10/2019,0.31218,0.31286,0.29829,0.30988
2/11/2019,0.30985,0.3103,0.30136,0.30255
2/12/2019,0.30243,0.30842,0.29625,0.30514
2/13/2019,0.3051,0.31373,0.30113,0.30382
2/14/2019,0.30387,0.30556,0.29975,0.30081
2/15/2019,0.30082,0.30646,0.296,0.30194
2/16/2019,0.30195,0.30408,0.2997,0.30077
2/17/2019,0.30084,0.308,0.29849,0.30318
2/18/2019,0.3031,0.32862,0.30177,0.32194
2/19/2019,0.32188,0.34777,0.31807,0.32238
2/20/2019,0.3225,0.33476,0.3166,0.3315
2/21/2019,0.33139,0.33297,0.31688,0.3207
2/22/2019,0.32064,0.32333,0.31352,0.32105
2/23/2019,0.32102,0.33395,0.31753,0.33201
2/24/2019,0.33201,0.34345,0.29371,0.29757
2/25/2019,0.29757,0.33975,0.29672,0.32731
2/26/2019,0.3274,0.33502,0.31334,0.31658
2/27/2019,0.31663,0.31874,0.30076,0.31067
2/28/2019,0.31054,0.31771,0.30602,0.3139
3/1/2019,0.31386,0.32354,0.31146,0.31564
3/2/2019,0.31565,0.31819,0.30993,0.31382
3/3/2019,0.31389,0.31542,0.308,0.31114
3/4/2019,0.31115,0.31222,0.29728,0.30207
3/5/2019,0.30197,0.31787,0.3008,0.31471
3/6/2019,0.31473,0.32186,0.3095,0.31629
3/7/2019,0.31628,0.31936,0.3124,0.31311
3/8/2019,0.31324,0.316,0.305,0.30775
3/9/2019,0.3078,0.319,0.3068,0.31389
3/10/2019,0.31395,0.31705,0.30905,0.31289
3/11/2019,0.31279,0.315,0.30658,0.30992
3/12/2019,0.30991,0.31204,0.30766,0.31031
3/13/2019,0.3103,0.32555,0.30733,0.31332
3/14/2019,0.31345,0.31654,0.30585,0.31131
3/15/2019,0.31131,0.31678,0.3107,0.31473
3/16/2019,0.31485,0.323,0.31465,0.31868
3/17/2019,0.31866,0.31892,0.314,0.3154
3/18/2019,0.31546,0.32,0.31135,0.31452
3/19/2019,0.31451,0.3166,0.3125,0.31594
3/20/2019,0.31581,0.32275,0.3115,0.31779
3/21/2019,0.3178,0.31915,0.29,0.30965
3/22/2019,0.30965,0.31262,0.30642,0.31041
3/23/2019,0.31041,0.31264,0.30883,0.31182
3/24/2019,0.31174,0.31186,0.30471,0.30787
3/25/2019,0.30792,0.308,0.3,0.3031
3/26/2019,0.30296,0.30384,0.294,0.30302
3/27/2019,0.303,0.31097,0.30055,0.31012
3/28/2019,0.30986,0.31012,0.30418,0.30604
3/29/2019,0.30603,0.31042,0.30475,0.30774
3/30/2019,0.30775,0.31834,0.30687,0.31107
3/31/2019,0.31092,0.31168,0.30718,0.30889
4/1/2019,0.30889,0.31455,0.30739,0.31248
4/2/2019,0.31249,0.35571,0.3115,0.3505
4/3/2019,0.3505,0.3705,0.32354,0.34022
4/4/2019,0.34022,0.34669,0.325,0.32996
4/5/2019,0.32996,0.37999,0.32994,0.3613
4/6/2019,0.36118,0.36224,0.3461,0.35264
4/7/2019,0.35267,0.367,0.35041,0.3612
4/8/2019,0.36149,0.37012,0.34365,0.35568
4/9/2019,0.35558,0.35574,0.34385,0.34732
4/10/2019,0.34728,0.3578,0.34608,0.35345
4/11/2019,0.3535,0.35377,0.3191,0.32705
4/12/2019,0.3271,0.3282,0.31391,0.32325
4/13/2019,0.32314,0.3359,0.31936,0.32458
4/14/2019,0.32459,0.33,0.32121,0.32762
4/15/2019,0.32761,0.33184,0.31311,0.31905
4/16/2019,0.31889,0.325,0.31541,0.32379
4/17/2019,0.324,0.341,0.319,0.33436
4/18/2019,0.33435,0.34671,0.33116,0.33533
4/19/2019,0.33525,0.33537,0.32606,0.32999
4/20/2019,0.33008,0.33241,0.321,0.32668
4/21/2019,0.32673,0.32815,0.31356,0.31963
4/22/2019,0.31972,0.3306,0.31624,0.32252
4/23/2019,0.32232,0.32647,0.31684,0.31807
4/24/2019,0.31802,0.31989,0.2888,0.29963
4/25/2019,0.29971,0.30581,0.28455,0.29161
4/26/2019,0.29162,0.30491,0.28839,0.3035
4/27/2019,0.3034,0.30499,0.2975,0.29928
4/28/2019,0.29942,0.30278,0.29535,0.29946
4/29/2019,0.29948,0.30161,0.28959,0.29323
4/30/2019,0.29313,0.31249,0.29154,0.3087
5/1/2019,0.30855,0.31,0.29992,0.30304
5/2/2019,0.30313,0.30478,0.30072,0.30205
5/3/2019,0.30206,0.31053,0.3003,0.30784
5/4/2019,0.30792,0.31856,0.29634,0.30305
5/5/2019,0.30293,0.305,0.29892,0.30044
5/6/2019,0.30044,0.30751,0.29479,0.30283
5/7/2019,0.30284,0.30726,0.29712,0.29819
5/8/2019,0.29843,0.30275,0.29567,0.29958
5/9/2019,0.29957,0.30198,0.29195,0.29488
5/10/2019,0.29475,0.30198,0.29061,0.29881
5/11/2019,0.29877,0.3372,0.29801,0.31724
5/12/2019,0.31703,0.32992,0.30233,0.31016
5/13/2019,0.31014,0.329,0.30785,0.32409
5/14/2019,0.32385,0.4362,0.32199,0.409
5/15/2019,0.409,0.467,0.40737,0.45734
5/16/2019,0.45723,0.479,0.39334,0.41876
5/17/2019,0.41891,0.42394,0.3585,0.38862
5/18/2019,0.38858,0.39598,0.3634,0.37183
5/19/2019,0.37178,0.42796,0.37,0.41631
5/20/2019,0.41612,0.41647,0.37812,0.39636
5/21/2019,0.39629,0.40738,0.3853,0.39524
5/22/2019,0.39515,0.4111,0.366,0.37183
5/23/2019,0.37171,0.38269,0.36091,0.37956
5/24/2019,0.37989,0.39375,0.36982,0.38286
5/25/2019,0.38286,0.393,0.37941,0.3852
5/26/2019,0.38526,0.41368,0.373,0.40372
5/27/2019,0.40364,0.44645,0.399,0.43331
5/28/2019,0.4334,0.4611,0.4176,0.44877
5/29/2019,0.44863,0.45701,0.42,0.44307
5/30/2019,0.44286,0.4735,0.401,0.41789
5/31/2019,0.41809,0.4408,0.40614,0.43851
6/1/2019,0.43849,0.44169,0.41664,0.42894
6/2/2019,0.42856,0.44695,0.42735,0.44396
6/3/2019,0.44396,0.465,0.417,0.41731
6/4/2019,0.41739,0.41934,0.3836,0.39878
6/5/2019,0.3989,0.40597,0.3871,0.4001
6/6/2019,0.39997,0.427,0.39024,0.41937
6/7/2019,0.41935,0.43003,0.41389,0.41886
6/8/2019,0.41871,0.42222,0.4021,0.40699
6/9/2019,0.40699,0.41043,0.37,0.38527
6/10/2019,0.38528,0.40346,0.37985,0.3999
6/11/2019,0.39985,0.40195,0.38175,0.39192
6/12/2019,0.39209,0.402,0.38726,0.40074
6/13/2019,0.40075,0.40804,0.3942,0.39876
6/14/2019,0.39872,0.40364,0.39025,0.40201
6/15/2019,0.40201,0.41213,0.40052,0.4095
6/16/2019,0.40949,0.44098,0.40583,0.42703
6/17/2019,0.42701,0.46311,0.42181,0.44705
6/18/2019,0.44705,0.45499,0.41963,0.42694
6/19/2019,0.42697,0.43852,0.42369,0.43406
6/20/2019,0.43426,0.43592,0.4198,0.42995
6/21/2019,0.42986,0.45,0.42925,0.4425
6/22/2019,0.44262,0.50999,0.43752,0.47729
6/23/2019,0.47714,0.49298,0.465,0.47015
6/24/2019,0.47015,0.47585,0.45,0.47385
6/25/2019,0.47391,0.47654,0.455,0.46809
6/26/2019,0.46809,0.4968,0.453,0.46805
6/27/2019,0.46773,0.47176,0.3951,0.41049
6/28/2019,0.41061,0.4272,0.40582,0.4261
6/29/2019,0.426,0.43,0.40392,0.4262
6/30/2019,0.42597,0.42859,0.3954,0.3962
7/1/2019,0.39637,0.42298,0.38804,0.40691
7/2/2019,0.40694,0.41125,0.38386,0.39794
7/3/2019,0.39787,0.40666,0.3934,0.40456
7/4/2019,0.40458,0.4052,0.385,0.38723
7/5/2019,0.38722,0.38825,0.37325,0.37881
7/6/2019,0.3787,0.4099,0.37826,0.39031
7/7/2019,0.39031,0.4007,0.38683,0.39651
7/8/2019,0.39651,0.403,0.39114,0.40073
7/9/2019,0.40072,0.40725,0.38875,0.39362
7/10/2019,0.39361,0.39646,0.34502,0.36154
7/11/2019,0.36141,0.36285,0.31574,0.32875
7/12/2019,0.32888,0.34988,0.31968,0.34336
7/13/2019,0.34336,0.34439,0.32359,0.33206
7/14/2019,0.33214,0.33549,0.2992,0.30366
7/15/2019,0.30366,0.32376,0.29474,0.31287
7/16/2019,0.31287,0.32032,0.286,0.29543
7/17/2019,0.29545,0.32365,0.29264,0.31032
7/18/2019,0.31032,0.327,0.30257,0.32035
7/19/2019,0.32035,0.32215,0.30959,0.3188
7/20/2019,0.3187,0.34094,0.31818,0.33279
7/21/2019,0.33269,0.33501,0.32053,0.33075
7/22/2019,0.33059,0.33259,0.3157,0.32111
7/23/2019,0.32135,0.32135,0.30572,0.30891
7/24/2019,0.30877,0.31905,0.30251,0.31548
7/25/2019,0.31547,0.323,0.31117,0.31335
7/26/2019,0.31332,0.32514,0.307,0.32303
7/27/2019,0.32303,0.32621,0.3054,0.30965
7/28/2019,0.30966,0.31478,0.3,0.31218
7/29/2019,0.31217,0.31478,0.306,0.31004
7/30/2019,0.31004,0.32213,0.30665,0.31823
7/31/2019,0.31811,0.32348,0.3151,0.31959
8/1/2019,0.3195,0.3199,0.3114,0.31575
8/2/2019,0.31554,0.31785,0.30836,0.31178
8/3/2019,0.3117,0.31747,0.31091,0.31596
8/4/2019,0.31595,0.32298,0.31181,0.31813
8/5/2019,0.31823,0.331,0.31798,0.32242
8/6/2019,0.32232,0.32421,0.308,0.3116
8/7/2019,0.3116,0.31688,0.30694,0.31109
8/8/2019,0.31093,0.31204,0.30452,0.30825
8/9/2019,0.30823,0.30921,0.2901,0.29649
8/10/2019,0.2965,0.30562,0.29237,0.29918
8/11/2019,0.29907,0.30605,0.29501,0.30316
8/12/2019,0.30316,0.30536,0.298,0.3006
8/13/2019,0.3006,0.30129,0.29295,0.298
8/14/2019,0.29795,0.29864,0.243,0.26353
8/15/2019,0.26346,0.2707,0.25875,0.26378
8/16/2019,0.26392,0.26526,0.25395,0.26047
8/17/2019,0.26029,0.26953,0.25648,0.26546
8/18/2019,0.26535,0.2919,0.26353,0.2832
8/19/2019,0.28321,0.29035,0.27558,0.28202
8/20/2019,0.28195,0.28234,0.2696,0.27432
8/21/2019,0.27432,0.27448,0.25871,0.26589
8/22/2019,0.26589,0.27419,0.26028,0.27039
8/23/2019,0.27038,0.27815,0.26727,0.27664
8/24/2019,0.27663,0.27726,0.2637,0.27137
8/25/2019,0.27149,0.27602,0.26597,0.26954
8/26/2019,0.26961,0.27969,0.26704,0.27051
8/27/2019,0.27051,0.27065,0.26513,0.26954
8/28/2019,0.26955,0.26974,0.24765,0.25629
8/29/2019,0.25614,0.26264,0.247,0.25698
8/30/2019,0.25712,0.2576,0.25199,0.25539
8/31/2019,0.25541,0.26047,0.25288,0.25747
9/1/2019,0.25747,0.25891,0.25,0.25593
9/2/2019,0.25596,0.26428,0.25295,0.2606
9/3/2019,0.2606,0.267,0.25751,0.26242
9/4/2019,0.26252,0.26299,0.25598,0.25843
9/5/2019,0.25843,0.25937,0.25337,0.25617
9/6/2019,0.25616,0.25868,0.24692,0.2511
9/7/2019,0.25115,0.26285,0.25009,0.25993
9/8/2019,0.25989,0.26591,0.2555,0.26205
9/9/2019,0.26205,0.26423,0.25634,0.25855
9/10/2019,0.25869,0.26371,0.2535,0.25859
9/11/2019,0.25855,0.26092,0.251,0.25519
9/12/2019,0.25515,0.25686,0.25087,0.25406
9/13/2019,0.25404,0.256,0.25132,0.2552
9/14/2019,0.25536,0.26551,0.25389,0.26124
9/15/2019,0.26125,0.26419,0.25386,0.26022
9/16/2019,0.26015,0.263,0.25664,0.26098
9/17/2019,0.26103,0.2985,0.25944,0.28561
9/18/2019,0.28553,0.32631,0.28493,0.31344
9/19/2019,0.31344,0.31345,0.28208,0.30062
9/20/2019,0.30064,0.30159,0.2835,0.2936
9/21/2019,0.2936,0.298,0.28625,0.28961
9/22/2019,0.28964,0.28982,0.2686,0.27653
9/23/2019,0.27656,0.28666,0.26601,0.26786
9/24/2019,0.26787,0.27317,0.21333,0.23282
9/25/2019,0.23282,0.24953,0.23132,0.2457
9/26/2019,0.24567,0.25,0.22775,0.2422
9/27/2019,0.2423,0.248,0.23296,0.24208
9/28/2019,0.24209,0.24433,0.238,0.24163
9/29/2019,0.24165,0.24261,0.23427,0.24024
9/30/2019,0.24024,0.26192,0.2354,0.2566
10/1/2019,0.25659,0.261,0.24441,0.24788
10/2/2019,0.24787,0.25481,0.24421,0.25247
10/3/2019,0.25248,0.25305,0.24159,0.24674
10/4/2019,0.24687,0.25664,0.2445,0.25243
10/5/2019,0.2525,0.2566,0.24671,0.25325
10/6/2019,0.25325,0.25634,0.2506,0.25552
10/7/2019,0.25551,0.28114,0.25333,0.27592
10/8/2019,0.27584,0.28548,0.27062,0.2774
10/9/2019,0.2774,0.28693,0.27358,0.28082
10/10/2019,0.28089,0.28168,0.26455,0.27021
10/11/2019,0.27021,0.27485,0.26431,0.26743
10/12/2019,0.26741,0.27729,0.26712,0.27226
10/13/2019,0.27232,0.28138,0.27109,0.27726
10/14/2019,0.27729,0.29779,0.27641,0.29727
10/15/2019,0.29722,0.299,0.283,0.28859
10/16/2019,0.28859,0.29219,0.27858,0.28331
10/17/2019,0.28334,0.3038,0.27969,0.30167
10/18/2019,0.30166,0.30207,0.28433,0.29404
10/19/2019,0.29404,0.29952,0.287,0.29145
10/20/2019,0.29144,0.29615,0.28091,0.29386
10/21/2019,0.29393,0.2942,0.28826,0.29187
10/22/2019,0.29186,0.30278,0.28862,0.29046
10/23/2019,0.29041,0.29127,0.25005,0.27306
10/24/2019,0.27307,0.28,0.26629,0.27596
10/25/2019,0.27597,0.3081,0.2742,0.29829
10/26/2019,0.29839,0.312,0.284,0.29351
10/27/2019,0.29351,0.30213,0.28901,0.29818
10/28/2019,0.29825,0.3051,0.29309,0.29447
10/29/2019,0.29443,0.30972,0.29416,0.30192
10/30/2019,0.30192,0.30636,0.29016,0.29471
10/31/2019,0.29471,0.29874,0.28777,0.29452
11/1/2019,0.29459,0.2946,0.28448,0.29146
11/2/2019,0.29148,0.2975,0.29112,0.29456
11/3/2019,0.29456,0.29614,0.28855,0.29024
11/4/2019,0.29024,0.2999,0.2891,0.29863
11/5/2019,0.29863,0.30443,0.29416,0.30061
11/6/2019,0.30062,0.31367,0.2961,0.31009
11/7/2019,0.31016,0.3149,0.27503,0.29061
11/8/2019,0.29068,0.291,0.27023,0.27547
11/9/2019,0.27546,0.28156,0.2745,0.2799
11/10/2019,0.2799,0.284,0.27658,0.27894
11/11/2019,0.27899,0.28106,0.26935,0.27423
11/12/2019,0.27423,0.27641,0.2676,0.27222
11/13/2019,0.27224,0.27563,0.27013,0.27202
11/14/2019,0.27207,0.27294,0.26354,0.26795
11/15/2019,0.26795,0.26952,0.25303,0.26069
11/16/2019,0.2607,0.26444,0.25911,0.26218
11/17/2019,0.2622,0.266,0.25891,0.26311
11/18/2019,0.26316,0.26318,0.2411,0.25179
11/19/2019,0.25174,0.25654,0.243,0.25398
11/20/2019,0.25398,0.25861,0.24809,0.25014
11/21/2019,0.25022,0.25349,0.23613,0.24345
11/22/2019,0.24345,0.2459,0.22122,0.23
11/23/2019,0.23004,0.23541,0.22526,0.23407
11/24/2019,0.23409,0.23466,0.21829,0.21989
11/25/2019,0.22011,0.225,0.20013,0.21731
11/26/2019,0.2173,0.2219,0.21327,0.2206
11/27/2019,0.22054,0.2295,0.21259,0.224
11/28/2019,0.22408,0.22946,0.22246,0.22313
11/29/2019,0.22312,0.23229,0.22245,0.22998
11/30/2019,0.22997,0.23192,0.22354,0.2255
12/1/2019,0.22549,0.2255,0.2186,0.22477
12/2/2019,0.22471,0.22623,0.21731,0.21914
12/3/2019,0.21904,0.22182,0.2178,0.21951
12/4/2019,0.2195,0.22491,0.20952,0.2139
12/5/2019,0.21398,0.2262,0.212,0.22118
12/6/2019,0.22118,0.2268,0.2191,0.22546
12/7/2019,0.22554,0.228,0.22281,0.22699
12/8/2019,0.22702,0.232,0.2237,0.22909
12/9/2019,0.22913,0.23083,0.22113,0.22445
12/10/2019,0.22435,0.2256,0.21894,0.22256
12/11/2019,0.22256,0.22365,0.21973,0.22093
12/12/2019,0.22103,0.22322,0.2164,0.21837
12/13/2019,0.21837,0.22074,0.21537,0.22054
12/14/2019,0.22055,0.22086,0.21463,0.21605
12/15/2019,0.21605,0.21939,0.21463,0.21735
12/16/2019,0.21735,0.21747,0.202,0.2055
12/17/2019,0.20547,0.20568,0.17754,0.1831
12/18/2019,0.1831,0.2,0.175,0.19573
12/19/2019,0.19573,0.19706,0.18447,0.1878
12/20/2019,0.1878,0.19787,0.18369,0.19521
12/21/2019,0.19508,0.19617,0.18993,0.19143
12/22/2019,0.19134,0.19665,0.19045,0.19649
12/23/2019,0.1965,0.19974,0.18809,0.18953
12/24/2019,0.18958,0.19413,0.18745,0.19077
12/25/2019,0.19069,0.19137,0.18633,0.18852
12/26/2019,0.18864,0.1941,0.18722,0.18923
12/27/2019,0.18924,0.19015,0.1848,0.19003
12/28/2019,0.19003,0.19469,0.18969,0.1932
12/29/2019,0.19321,0.1985,0.1908,0.19653
12/30/2019,0.19651,0.1979,0.19206,0.19326
12/31/2019,0.19327,0.19422,0.18988,0.19295
1/1/2020,0.19285,0.19526,0.19219,0.19305
1/2/2020,0.19304,0.19304,0.18508,0.1875
1/3/2020,0.1875,0.19395,0.1845,0.19338
1/4/2020,0.19331,0.19363,0.19119,0.19305
1/5/2020,0.19305,0.19722,0.19288,0.19453
1/6/2020,0.19453,0.22396,0.19421,0.2231
1/7/2020,0.2231,0.2255,0.20702,0.21335
1/8/2020,0.21334,0.21836,0.20311,0.2075
1/9/2020,0.2075,0.20877,0.20126,0.20373
1/10/2020,0.20375,0.21318,0.20023,0.21284
1/11/2020,0.21277,0.21994,0.20852,0.21121
1/12/2020,0.21121,0.21713,0.20941,0.21539
1/13/2020,0.21536,0.2156,0.2096,0.21134
1/14/2020,0.21134,0.24526,0.21134,0.23464
1/15/2020,0.23455,0.24356,0.2263,0.23367
1/16/2020,0.23367,0.23501,0.2223,0.229
1/17/2020,0.22899,0.24453,0.22659,0.23921
1/18/2020,0.23922,0.25456,0.23183,0.24357
1/19/2020,0.24357,0.25175,0.227,0.23558
1/20/2020,0.23554,0.23672,0.22415,0.23314
1/21/2020,0.23314,0.242,0.23,0.23726
1/22/2020,0.23738,0.23996,0.23213,0.23733
1/23/2020,0.23733,0.23746,0.22123,0.22586
1/24/2020,0.22584,0.2263,0.21378,0.22222
1/25/2020,0.22219,0.22271,0.21662,0.21946
1/26/2020,0.21946,0.23276,0.218,0.23131
1/27/2020,0.23121,0.23393,0.2263,0.23077
1/28/2020,0.23078,0.24162,0.23077,0.23906
1/29/2020,0.23912,0.24197,0.23425,0.23539
1/30/2020,0.23538,0.24669,0.23056,0.24376
1/31/2020,0.24376,0.24486,0.2335,0.23946
2/1/2020,0.23947,0.24304,0.23684,0.24141
2/2/2020,0.24146,0.26163,0.2355,0.25093
2/3/2020,0.25094,0.2595,0.24678,0.25453
2/4/2020,0.25447,0.271,0.24752,0.26737
2/5/2020,0.26742,0.2824,0.26737,0.27774
2/6/2020,0.27782,0.28856,0.26778,0.28325
2/7/2020,0.28325,0.28832,0.27766,0.27953
2/8/2020,0.27951,0.28223,0.2636,0.27735
2/9/2020,0.27731,0.28924,0.27622,0.28257
2/10/2020,0.28255,0.28322,0.2673,0.27338
2/11/2020,0.27342,0.2835,0.26738,0.281
2/12/2020,0.28092,0.309,0.28091,0.30427
2/13/2020,0.30427,0.34,0.3,0.32709
2/14/2020,0.32718,0.33942,0.3104,0.33594
2/15/2020,0.33585,0.34676,0.2955,0.30729
2/16/2020,0.30729,0.31892,0.27,0.29224
2/17/2020,0.29248,0.29511,0.26821,0.28736
2/18/2020,0.28741,0.30273,0.27474,0.29827
2/19/2020,0.29834,0.30777,0.27007,0.27466
2/20/2020,0.27466,0.28168,0.26109,0.2709
2/21/2020,0.27094,0.27898,0.2678,0.27418
2/22/2020,0.27424,0.2785,0.27,0.27468
2/23/2020,0.27462,0.28467,0.27462,0.28298
2/24/2020,0.28298,0.28425,0.26401,0.2704
2/25/2020,0.2703,0.271,0.251,0.25209
2/26/2020,0.25218,0.25512,0.22271,0.22915
2/27/2020,0.22917,0.24722,0.22363,0.2385
2/28/2020,0.23854,0.244,0.2285,0.23663
2/29/2020,0.23658,0.24244,0.2287,0.22892
3/1/2020,0.22897,0.23607,0.22428,0.22696
3/2/2020,0.22699,0.24149,0.22582,0.23958
3/3/2020,0.23968,0.2397,0.22942,0.23428
3/4/2020,0.23433,0.23839,0.23,0.23453
3/5/2020,0.23449,0.2432,0.23449,0.23909
3/6/2020,0.23907,0.24629,0.23804,0.24477
3/7/2020,0.24475,0.245,0.235,0.23622
3/8/2020,0.23624,0.23624,0.2,0.20385
3/9/2020,0.20387,0.2115,0.19787,0.20952
3/10/2020,0.20946,0.21567,0.19979,0.21185
3/11/2020,0.21181,0.2138,0.199,0.20813
3/12/2020,0.20824,0.20988,0.12798,0.13549
3/13/2020,0.13536,0.16614,0.10129,0.15872
3/14/2020,0.15875,0.161,0.14351,0.14588
3/15/2020,0.1459,0.16422,0.14449,0.15308
3/16/2020,0.15306,0.15338,0.12815,0.14102
3/17/2020,0.1411,0.1519,0.13962,0.14694
3/18/2020,0.14691,0.14938,0.14001,0.1476
3/19/2020,0.14749,0.17257,0.14428,0.1646
3/20/2020,0.16458,0.175,0.14504,0.15695
3/21/2020,0.15705,0.16196,0.15156,0.15797
3/22/2020,0.15798,0.16178,0.14611,0.14776
3/23/2020,0.14774,0.16163,0.14472,0.15854
3/24/2020,0.15853,0.16387,0.15689,0.16225
3/25/2020,0.16229,0.16524,0.15667,0.16168
3/26/2020,0.1617,0.17742,0.15984,0.17593
3/27/2020,0.17591,0.18724,0.16936,0.17269
3/28/2020,0.17271,0.17984,0.16637,0.17543
3/29/2020,0.1754,0.1767,0.16184,0.16278
3/30/2020,0.16279,0.17546,0.16242,0.17112
3/31/2020,0.17109,0.17789,0.17044,0.17353
4/1/2020,0.17359,0.1763,0.16783,0.17494
4/2/2020,0.17497,0.1865,0.17384,0.17828
4/3/2020,0.17828,0.18277,0.17568,0.17957
4/4/2020,0.17956,0.18365,0.1777,0.18114
4/5/2020,0.18114,0.18206,0.17627,0.17925
4/6/2020,0.17927,0.19834,0.17917,0.19803
4/7/2020,0.198,0.20519,0.18986,0.19285
4/8/2020,0.19283,0.20294,0.19155,0.20192
4/9/2020,0.20192,0.20231,0.1938,0.19829
4/10/2020,0.19826,0.19872,0.18119,0.18758
4/11/2020,0.1876,0.19213,0.185,0.1885
4/12/2020,0.18848,0.19567,0.18616,0.18939
4/13/2020,0.18932,0.18947,0.18011,0.18763
4/14/2020,0.18764,0.18931,0.18313,0.18613
4/15/2020,0.18605,0.18973,0.18,0.1805
4/16/2020,0.1805,0.19399,0.174,0.19053
4/17/2020,0.1905,0.19185,0.18618,0.18863
4/18/2020,0.18863,0.19715,0.18838,0.19544
4/19/2020,0.19539,0.19638,0.18772,0.18901
4/20/2020,0.18892,0.19453,0.17821,0.18151
4/21/2020,0.18147,0.18637,0.18109,0.18341
4/22/2020,0.18342,0.18964,0.18202,0.18804
4/23/2020,0.18803,0.19951,0.18558,0.1926
4/24/2020,0.19261,0.19695,0.19197,0.19325
4/25/2020,0.19327,0.19776,0.1916,0.19418
4/26/2020,0.19414,0.19775,0.19133,0.19618
4/27/2020,0.1962,0.19979,0.19407,0.19747
4/28/2020,0.1975,0.21806,0.19459,0.21416
4/29/2020,0.21415,0.23075,0.20981,0.22648
4/30/2020,0.22644,0.2359,0.20816,0.21135
5/1/2020,0.21135,0.22418,0.21117,0.21786
5/2/2020,0.21785,0.22575,0.21534,0.22369
5/3/2020,0.22377,0.22667,0.2154,0.21936
5/4/2020,0.21936,0.22057,0.20713,0.21776
5/5/2020,0.21777,0.22213,0.21316,0.21688
5/6/2020,0.21688,0.2224,0.21029,0.21158
5/7/2020,0.21172,0.2211,0.20934,0.21862
5/8/2020,0.2186,0.22199,0.21423,0.21865
5/9/2020,0.21865,0.225,0.21554,0.21642
5/10/2020,0.21642,0.21651,0.178,0.19702
5/11/2020,0.19708,0.20031,0.184,0.19254
5/12/2020,0.19254,0.2001,0.19128,0.19711
5/13/2020,0.1971,0.20429,0.19564,0.20177
5/14/2020,0.20176,0.20636,0.19838,0.20386
5/15/2020,0.20379,0.20467,0.19505,0.19818
5/16/2020,0.19818,0.2025,0.19664,0.19969
5/17/2020,0.19969,0.20465,0.19889,0.20131
5/18/2020,0.20132,0.20805,0.2007,0.20543
5/19/2020,0.20537,0.20668,0.20087,0.20496
5/20/2020,0.20486,0.20624,0.1975,0.20179
5/21/2020,0.20178,0.20305,0.18928,0.19434
5/22/2020,0.19434,0.2025,0.19212,0.20034
5/23/2020,0.20032,0.20216,0.19793,0.19883
5/24/2020,0.19883,0.20122,0.19222,0.19256
5/25/2020,0.19263,0.19719,0.18972,0.19622
5/26/2020,0.19622,0.19695,0.19139,0.19372
5/27/2020,0.19371,0.20048,0.19355,0.19791
5/28/2020,0.19792,0.20095,0.19502,0.20052
5/29/2020,0.20052,0.20292,0.19622,0.19759
5/30/2020,0.19762,0.208,0.19596,0.20701
5/31/2020,0.207,0.21356,0.20026,0.20245
6/1/2020,0.20241,0.21268,0.20112,0.211
6/2/2020,0.21093,0.2147,0.1961,0.20301
6/3/2020,0.20294,0.20487,0.2008,0.2041
6/4/2020,0.20413,0.20724,0.19957,0.20427
6/5/2020,0.20432,0.20585,0.20129,0.20274
6/6/2020,0.20274,0.20484,0.20125,0.20361
6/7/2020,0.2036,0.20496,0.19839,0.20329
6/8/2020,0.20327,0.20444,0.20116,0.20403
6/9/2020,0.20406,0.20528,0.2,0.20127
6/10/2020,0.20135,0.20388,0.1985,0.20266
6/11/2020,0.20266,0.2036,0.1846,0.18817
6/12/2020,0.18823,0.19505,0.1869,0.19307
6/13/2020,0.19308,0.19379,0.19076,0.19234
6/14/2020,0.19238,0.19249,0.1887,0.19022
6/15/2020,0.19022,0.19344,0.18202,0.19238
6/16/2020,0.19238,0.19404,0.19007,0.19238
6/17/2020,0.19236,0.19895,0.18846,0.19315
6/18/2020,0.19315,0.19325,0.18802,0.18975
6/19/2020,0.18975,0.19036,0.18658,0.18722
6/20/2020,0.18724,0.18897,0.18488,0.18792
6/21/2020,0.18793,0.18848,0.18565,0.18602
6/22/2020,0.18602,0.19051,0.18569,0.18928
6/23/2020,0.18933,0.19042,0.18831,0.18889
6/24/2020,0.18889,0.19016,0.1799,0.18348
6/25/2020,0.18344,0.18414,0.17849,0.18156
6/26/2020,0.18156,0.18694,0.17848,0.18249
6/27/2020,0.18247,0.1835,0.169,0.17509
6/28/2020,0.1751,0.17983,0.17337,0.17693
6/29/2020,0.17694,0.17939,0.17487,0.17726
6/30/2020,0.17737,0.17775,0.17487,0.17533
7/1/2020,0.17533,0.17814,0.17373,0.17647
7/2/2020,0.17645,0.1777,0.172,0.17477
7/3/2020,0.17476,0.17865,0.1743,0.1762
7/4/2020,0.17618,0.17964,0.17593,0.17808
7/5/2020,0.1781,0.1788,0.17372,0.17695
7/6/2020,0.17691,0.18934,0.17644,0.18875
7/7/2020,0.18876,0.18969,0.18312,0.18508
7/8/2020,0.18508,0.20669,0.18382,0.20551
7/9/2020,0.20544,0.21186,0.19667,0.20263
7/10/2020,0.20263,0.20272,0.19252,0.19909
7/11/2020,0.19906,0.20482,0.19792,0.2011
7/12/2020,0.20112,0.20401,0.19758,0.20128
7/13/2020,0.20122,0.2066,0.191,0.19867
7/14/2020,0.19866,0.19978,0.195,0.19909
7/15/2020,0.19908,0.1999,0.19635,0.19721
7/16/2020,0.19722,0.19756,0.18822,0.19444
7/17/2020,0.19447,0.19824,0.19125,0.1944
7/18/2020,0.19441,0.20203,0.19392,0.1999
7/19/2020,0.19989,0.20205,0.19574,0.19956
7/20/2020,0.19961,0.20019,0.19194,0.19465
7/21/2020,0.19465,0.201,0.19386,0.19949
7/22/2020,0.19946,0.20441,0.196,0.20348
7/23/2020,0.20351,0.21584,0.20142,0.20851
7/24/2020,0.20847,0.20855,0.20189,0.20392
7/25/2020,0.20393,0.21756,0.2035,0.21463
7/26/2020,0.21462,0.22499,0.21255,0.21532
7/27/2020,0.21528,0.23,0.20861,0.22437
7/28/2020,0.22445,0.23476,0.217,0.23029
7/29/2020,0.23031,0.25,0.22919,0.24327
7/30/2020,0.24323,0.24954,0.233,0.24408
7/31/2020,0.24407,0.26042,0.24158,0.25939
8/1/2020,0.25938,0.29739,0.25557,0.29089
8/2/2020,0.29089,0.32628,0.2476,0.28803
8/3/2020,0.28809,0.31999,0.28357,0.31016
8/4/2020,0.31008,0.31926,0.29038,0.30138
8/5/2020,0.30137,0.30813,0.2908,0.30228
8/6/2020,0.30233,0.31126,0.29722,0.30311
8/7/2020,0.30309,0.31037,0.27936,0.29437
8/8/2020,0.29444,0.2987,0.2898,0.29527
8/9/2020,0.29532,0.29839,0.28215,0.2879
8/10/2020,0.28792,0.30008,0.28301,0.29469
8/11/2020,0.29468,0.30736,0.26727,0.2831
8/12/2020,0.28308,0.28737,0.27139,0.28233
8/13/2020,0.28233,0.29561,0.27243,0.2942
8/14/2020,0.2942,0.3073,0.28918,0.29995
8/15/2020,0.29995,0.30537,0.2907,0.29884
8/16/2020,0.2989,0.3048,0.29186,0.30455
8/17/2020,0.3046,0.32689,0.29702,0.31539
8/18/2020,0.31535,0.32156,0.29614,0.30251
8/19/2020,0.3025,0.30616,0.27809,0.28975
8/20/2020,0.28969,0.29465,0.28431,0.29218
8/21/2020,0.29217,0.29585,0.27671,0.27933
8/22/2020,0.27935,0.28663,0.2733,0.28592
8/23/2020,0.28589,0.28808,0.27698,0.2848
8/24/2020,0.2848,0.292,0.28224,0.2884
8/25/2020,0.2884,0.28959,0.27,0.27625
8/26/2020,0.27628,0.28078,0.2739,0.27653
8/27/2020,0.27645,0.27833,0.25453,0.26469
8/28/2020,0.26478,0.2732,0.26,0.27174
8/29/2020,0.27166,0.27685,0.26865,0.2738
8/30/2020,0.27375,0.28389,0.27375,0.28302
8/31/2020,0.28302,0.2845,0.27804,0.28115
9/1/2020,0.28115,0.29884,0.27574,0.29521
9/2/2020,0.29515,0.304,0.2622,0.27595
9/3/2020,0.27594,0.2765,0.238,0.24409
9/4/2020,0.24404,0.26582,0.24012,0.25385
9/5/2020,0.25385,0.25951,0.231,0.23738
9/6/2020,0.23737,0.24358,0.22937,0.23986
9/7/2020,0.23987,0.24292,0.22962,0.24198
9/8/2020,0.24202,0.24365,0.2312,0.23657
9/9/2020,0.23658,0.24278,0.23303,0.23901
9/10/2020,0.239,0.24871,0.23878,0.24302
9/11/2020,0.24302,0.2444,0.23683,0.24252
9/12/2020,0.24252,0.24879,0.24019,0.24752
9/13/2020,0.24749,0.2535,0.23757,0.24218
9/14/2020,0.24214,0.2484,0.23901,0.24564
9/15/2020,0.24562,0.2494,0.24225,0.24331
9/16/2020,0.24331,0.25117,0.2341,0.24686
9/17/2020,0.24682,0.2586,0.24601,0.25214
9/18/2020,0.25208,0.25522,0.2463,0.25065
9/19/2020,0.25065,0.25497,0.24733,0.25112
9/20/2020,0.25112,0.25125,0.2423,0.24652
9/21/2020,0.24657,0.24809,0.22915,0.23102
9/22/2020,0.23104,0.23459,0.22916,0.23302
9/23/2020,0.23301,0.2352,0.22017,0.22164
9/24/2020,0.22164,0.23401,0.21944,0.23276
9/25/2020,0.23277,0.24477,0.2295,0.24154
9/26/2020,0.24154,0.24568,0.23764,0.24153
9/27/2020,0.24147,0.24474,0.23729,0.24334
9/28/2020,0.24329,0.24851,0.23979,0.24107
9/29/2020,0.2411,0.24662,0.2383,0.24285
9/30/2020,0.24286,0.24289,0.2375,0.24171
10/1/2020,0.24172,0.24452,0.23372,0.23819
10/2/2020,0.23813,0.23937,0.22829,0.23386
10/3/2020,0.23387,0.23499,0.23254,0.23273
10/4/2020,0.23274,0.25024,0.23159,0.24794
10/5/2020,0.24794,0.25442,0.24628,0.2503
10/6/2020,0.25034,0.25932,0.24021,0.24545
10/7/2020,0.24549,0.25141,0.24077,0.2487
10/8/2020,0.24871,0.25297,0.24206,0.25141
10/9/2020,0.25141,0.25665,0.24935,0.25293
10/10/2020,0.25293,0.26071,0.25265,0.25402
10/11/2020,0.25401,0.25842,0.25321,0.25544
10/12/2020,0.25545,0.25826,0.24732,0.25603
10/13/2020,0.25602,0.25997,0.25267,0.2565
10/14/2020,0.25658,0.2584,0.24593,0.24906
10/15/2020,0.24906,0.25014,0.24287,0.24596
10/16/2020,0.24584,0.24787,0.2375,0.24011
10/17/2020,0.24014,0.24329,0.23853,0.24057
10/18/2020,0.24059,0.24362,0.24005,0.24221
10/19/2020,0.2422,0.24945,0.24011,0.24558
10/20/2020,0.24557,0.25039,0.2411,0.24322
10/21/2020,0.24324,0.25555,0.24249,0.25088
10/22/2020,0.2508,0.26357,0.25077,0.25709
10/23/2020,0.25703,0.25921,0.25005,0.25471
10/24/2020,0.25472,0.25763,0.25253,0.2562
10/25/2020,0.2562,0.25714,0.25105,0.25313
10/26/2020,0.25313,0.2591,0.24341,0.2481
10/27/2020,0.24811,0.25398,0.24743,0.25273
10/28/2020,0.25273,0.25666,0.2444,0.2454
10/29/2020,0.2454,0.24702,0.2396,0.24239
10/30/2020,0.24232,0.24402,0.23057,0.23905
10/31/2020,0.23906,0.24351,0.23743,0.23968
11/1/2020,0.2396,0.24138,0.23648,0.23999
11/2/2020,0.23999,0.2452,0.23264,0.23523
11/3/2020,0.23526,0.24425,0.22772,0.2396
11/4/2020,0.2396,0.24045,0.23213,0.23758
11/5/2020,0.23759,0.24743,0.23712,0.24561
11/6/2020,0.24569,0.2614,0.24508,0.25863
11/7/2020,0.2586,0.26733,0.24419,0.2491
11/8/2020,0.24913,0.25701,0.24724,0.25374
11/9/2020,0.25368,0.2562,0.24557,0.25059
11/10/2020,0.25058,0.265,0.24806,0.2538
11/11/2020,0.25379,0.26,0.25209,0.25581
11/12/2020,0.25581,0.25818,0.2525,0.2549
11/13/2020,0.2549,0.2659,0.2535,0.2659
11/14/2020,0.26587,0.2777,0.26128,0.26824
11/15/2020,0.26829,0.27677,0.26405,0.26954
11/16/2020,0.26957,0.28998,0.26737,0.28813
11/17/2020,0.28814,0.305,0.28722,0.30247
11/18/2020,0.30247,0.30818,0.28055,0.29335
11/19/2020,0.29333,0.30659,0.284,0.30358
11/20/2020,0.30356,0.33091,0.29679,0.32991
11/21/2020,0.32993,0.4695,0.32929,0.46283
11/22/2020,0.46283,0.49659,0.40155,0.44611
11/23/2020,0.44592,0.61984,0.43232,0.61579
11/24/2020,0.61562,0.78068,0.56777,0.694
11/25/2020,0.69399,0.725,0.58405,0.63022
11/26/2020,0.63024,0.652,0.456,0.53654
11/27/2020,0.53649,0.58669,0.50345,0.5623
11/28/2020,0.5625,0.64888,0.5387,0.62579
11/29/2020,0.62573,0.637,0.58285,0.60543
11/30/2020,0.60543,0.6791,0.59881,0.66417
12/1/2020,0.66378,0.681,0.56401,0.61088
12/2/2020,0.6113,0.6368,0.59455,0.62972
12/3/2020,0.62969,0.6418,0.6149,0.63046
12/4/2020,0.63046,0.6342,0.54253,0.55367
12/5/2020,0.55355,0.59628,0.54833,0.58517
12/6/2020,0.58516,0.62801,0.57907,0.62107
12/7/2020,0.62096,0.624,0.59084,0.60818
12/8/2020,0.60822,0.61048,0.55,0.5589
12/9/2020,0.55897,0.60544,0.50383,0.58265
12/10/2020,0.58284,0.58848,0.55318,0.57267
12/11/2020,0.57267,0.58697,0.52594,0.54945
12/12/2020,0.54847,0.55102,0.48521,0.50658
12/13/2020,0.50658,0.5278,0.4855,0.51365
12/14/2020,0.51366,0.51852,0.48901,0.4974
12/15/2020,0.49737,0.50715,0.46433,0.46793
12/16/2020,0.46793,0.57477,0.43722,0.56941
12/17/2020,0.56938,0.65852,0.5358,0.5769
12/18/2020,0.57685,0.61346,0.55101,0.58337
12/19/2020,0.58335,0.60377,0.56588,0.57666
12/20/2020,0.57692,0.58658,0.5287,0.55586
12/21/2020,0.55576,0.56935,0.49825,0.51445
12/22/2020,0.51469,0.52213,0.40215,0.44642
12/23/2020,0.44636,0.44842,0.21164,0.2605
12/24/2020,0.2605,0.3778,0.24003,0.33863
12/25/2020,0.33865,0.3855,0.2797,0.31768
12/26/2020,0.3179,0.32723,0.28303,0.29481
12/27/2020,0.29484,0.312,0.266,0.28407
12/28/2020,0.28401,0.31,0.2341,0.24845
12/29/2020,0.24832,0.25167,0.17351,0.22142
12/30/2020,0.22142,0.23665,0.19186,0.21138
12/31/2020,0.21133,0.22949,0.20521,0.21959
1/1/2021,0.21953,0.25,0.216,0.23746
1/2/2021,0.2374,0.23823,0.21084,0.22064
1/3/2021,0.22064,0.23852,0.215,0.2254
1/4/2021,0.2254,0.26091,0.218,0.23565
1/5/2021,0.23568,0.24269,0.21774,0.22573
1/6/2021,0.22577,0.2745,0.22139,0.24854
1/7/2021,0.24856,0.37,0.2453,0.32389
1/8/2021,0.32389,0.3467,0.28487,0.32032
1/9/2021,0.32049,0.3395,0.30523,0.32419
1/10/2021,0.32419,0.368,0.28708,0.31491
1/11/2021,0.31487,0.31627,0.25343,0.28743
1/12/2021,0.28742,0.31003,0.27743,0.29254
1/13/2021,0.29241,0.31,0.2848,0.30582
1/14/2021,0.3057,0.309,0.28334,0.29642
1/15/2021,0.29648,0.30337,0.261,0.27991
1/16/2021,0.27987,0.29666,0.27503,0.27924
1/17/2021,0.2792,0.28572,0.26846,0.27746
1/18/2021,0.27741,0.28875,0.27144,0.28528
1/19/2021,0.28529,0.33,0.28396,0.29396
1/20/2021,0.29395,0.31184,0.28,0.29539
1/21/2021,0.29553,0.30797,0.25992,0.26802
1/22/2021,0.26786,0.27826,0.24021,0.27217
1/23/2021,0.27216,0.28356,0.26545,0.27167
1/24/2021,0.27169,0.27798,0.26804,0.27339
1/25/2021,0.27335,0.285,0.26679,0.26757
1/26/2021,0.26751,0.27095,0.258,0.26834
1/27/2021,0.26837,0.26871,0.24388,0.25039
1/28/2021,0.25058,0.27,0.24699,0.26407
1/29/2021,0.26413,0.31724,0.25915,0.2829
1/30/2021,0.2829,0.5178,0.278,0.44372
1/31/2021,0.44369,0.51,0.385,0.49507
2/1/2021,0.49516,0.755,0.35928,0.37106
2/2/2021,0.37123,0.41123,0.3401,0.37254
2/3/2021,0.37254,0.419,0.37254,0.39721
2/4/2021,0.39721,0.48159,0.37885,0.44545
2/5/2021,0.44535,0.47222,0.4241,0.45219
2/6/2021,0.45195,0.45688,0.42,0.44307
2/7/2021,0.44307,0.45089,0.39123,0.41849
2/8/2021,0.41848,0.4692,0.4125,0.45099
2/9/2021,0.45098,0.49,0.44901,0.47636
2/10/2021,0.47637,0.54224,0.45,0.50429
2/11/2021,0.50422,0.53545,0.49982,0.52806
2/12/2021,0.52824,0.61922,0.51871,0.609
2/13/2021,0.609,0.64244,0.54306,0.63309
2/14/2021,0.63309,0.63981,0.56111,0.59211
2/15/2021,0.59217,0.6043,0.50891,0.54976
2/16/2021,0.54987,0.58005,0.48111,0.51995
2/17/2021,0.5198,0.55751,0.49336,0.53467
2/18/2021,0.5346,0.55995,0.51901,0.53204
2/19/2021,0.53217,0.58195,0.5131,0.56465
2/20/2021,0.56478,0.58235,0.47231,0.51167
2/21/2021,0.5115,0.55858,0.50311,0.54468
2/22/2021,0.54468,0.65155,0.51,0.56646
2/23/2021,0.56637,0.57172,0.365,0.47579
2/24/2021,0.4758,0.49999,0.4512,0.4686
2/25/2021,0.46864,0.48233,0.4244,0.43601
2/26/2021,0.43599,0.45067,0.41111,0.42788
2/27/2021,0.42794,0.45945,0.42681,0.43589
2/28/2021,0.43586,0.43876,0.39268,0.41565
3/1/2021,0.4157,0.454,0.41207,0.44537
3/2/2021,0.44537,0.45532,0.42159,0.4357
3/3/2021,0.43572,0.46869,0.43011,0.44846
3/4/2021,0.44841,0.49449,0.43411,0.48096
3/5/2021,0.4812,0.48488,0.44575,0.45457
3/6/2021,0.45441,0.4765,0.44901,0.46285
3/7/2021,0.46292,0.4689,0.45641,0.46558
3/8/2021,0.46579,0.48987,0.45505,0.47412
3/9/2021,0.47413,0.48736,0.471,0.4849
3/10/2021,0.48481,0.4887,0.4545,0.46155
3/11/2021,0.4617,0.46427,0.44058,0.45187
3/12/2021,0.45187,0.46488,0.42205,0.43934
3/13/2021,0.43934,0.46646,0.43205,0.45787
3/14/2021,0.45786,0.46155,0.43857,0.43905
3/15/2021,0.439,0.44815,0.42268,0.43574
3/16/2021,0.43566,0.52221,0.42723,0.46024
3/17/2021,0.46037,0.48245,0.45317,0.4698
3/18/2021,0.46993,0.4905,0.46558,0.46893
3/19/2021,0.46899,0.47536,0.45848,0.46651
3/20/2021,0.4665,0.54999,0.46424,0.52613
3/21/2021,0.52584,0.54691,0.49508,0.51651
3/22/2021,0.51661,0.6,0.50082,0.5441
3/23/2021,0.54403,0.59638,0.5378,0.5498
3/24/2021,0.54945,0.56302,0.45212,0.48021
3/25/2021,0.48022,0.5248,0.454,0.51058
3/26/2021,0.51034,0.57689,0.50999,0.56357
3/27/2021,0.56348,0.57464,0.5342,0.54752
3/28/2021,0.54735,0.56075,0.53879,0.54552
3/29/2021,0.5455,0.57082,0.54317,0.56538
3/30/2021,0.56528,0.588,0.55903,0.5621
3/31/2021,0.56207,0.57682,0.52624,0.56982
4/1/2021,0.5698,0.59555,0.54864,0.57087
4/2/2021,0.57061,0.61,0.56522,0.60701
4/3/2021,0.60701,0.64262,0.573,0.57831
4/4/2021,0.57836,0.63599,0.56591,0.635
4/5/2021,0.63501,0.93999,0.6194,0.91584
4/6/2021,0.91584,1.119,0.7931,1.09663
4/7/2021,1.09666,1.10882,0.856,0.91542
4/8/2021,0.91544,1.07294,0.90128,1.05599
4/9/2021,1.05571,1.0849,0.9808,1.01721
4/10/2021,1.01754,1.399,1.00617,1.3728
4/11/2021,1.37215,1.5,1.305,1.35118
4/12/2021,1.35118,1.475,1.31804,1.46843
4/13/2021,1.4685,1.88888,1.41778,1.79611
4/14/2021,1.79607,1.96689,1.56001,1.83468
4/15/2021,1.83396,1.885,1.65243,1.75781
4/16/2021,1.75781,1.81041,1.42,1.54805
4/17/2021,1.54805,1.74163,1.52991,1.53896
4/18/2021,1.53988,1.56505,1.16,1.40797
4/19/2021,1.40797,1.5339,1.251,1.30945
4/20/2021,1.30941,1.44796,1.18,1.38501
4/21/2021,1.385,1.4645,1.27545,1.29097
4/22/2021,1.2911,1.41947,1.0859,1.15489
4/23/2021,1.15489,1.19724,0.88601,1.17073
4/24/2021,1.17019,1.172,1.01753,1.04833
4/25/2021,1.04971,1.156,0.9418,1.0351
4/26/2021,1.0353,1.375,1.0133,1.3629
4/27/2021,1.3629,1.462,1.3284,1.4017
4/28/2021,1.4017,1.4492,1.2814,1.3576
4/29/2021,1.3576,1.42,1.3263,1.3978
4/30/2021,1.3978,1.6397,1.3745,1.5988
5/1/2021,1.5989,1.6666,1.5226,1.651
5/2/2021,1.651,1.658,1.525,1.5605
5/3/2021,1.5605,1.6216,1.47,1.5546
5/4/2021,1.5546,1.558,1.32,1.3877
5/5/2021,1.3878,1.624,1.366,1.6133
5/6/2021,1.6137,1.7658,1.521,1.6028
5/7/2021,1.6028,1.695,1.505,1.5793
5/8/2021,1.5795,1.6277,1.5404,1.5611
5/9/2021,1.5611,1.5968,1.4249,1.5345
5/10/2021,1.5343,1.627,1.214,1.3906
5/11/2021,1.391,1.4905,1.3555,1.4786
5/12/2021,1.4788,1.547,1.235,1.2691
5/13/2021,1.269,1.389,1.2,1.364
5/14/2021,1.3644,1.4488,1.321,1.4
5/15/2021,1.3998,1.5869,1.3211,1.4904
5/16/2021,1.4911,1.6131,1.3373,1.4496
5/17/2021,1.4496,1.565,1.3242,1.4946
5/18/2021,1.4952,1.705,1.4698,1.5889
5/19/2021,1.5893,1.6448,0.85,1.0568
5/20/2021,1.0565,1.2664,0.9,1.1795
5/21/2021,1.1802,1.2194,0.8641,1.0062
5/22/2021,1.0062,1.0162,0.816,0.9052
5/23/2021,0.9052,0.9679,0.65,0.7898
5/24/2021,0.7899,0.997,0.7537,0.993
5/25/2021,0.9934,1.07,0.8791,0.9746
5/26/2021,0.9747,1.0698,0.9461,1.0316
5/27/2021,1.0316,1.0423,0.9322,0.9747
5/28/2021,0.9747,0.9847,0.8445,0.8985
5/29/2021,0.8985,0.9413,0.7911,0.8318
5/30/2021,0.8319,0.9337,0.7974,0.9058
5/31/2021,0.9058,1.0495,0.8789,1.0409
6/1/2021,1.0409,1.1,0.9742,1.0108
6/2/2021,1.0108,1.0498,0.9793,1.0241
6/3/2021,1.0241,1.0789,1.0069,1.045
6/4/2021,1.0453,1.0466,0.9156,0.9683
6/5/2021,0.9683,0.9973,0.8921,0.923
6/6/2021,0.923,0.9493,0.917,0.947
6/7/2021,0.9469,0.976,0.838,0.8618
6/8/2021,0.8619,0.8861,0.7838,0.8731
6/9/2021,0.873,0.9218,0.83,0.9218
6/10/2021,0.9218,0.9298,0.8522,0.8686
6/11/2021,0.8686,0.88,0.8335,0.8471
6/12/2021,0.8469,0.8479,0.8054,0.8326
6/13/2021,0.8325,0.8883,0.817,0.8832
6/14/2021,0.8833,0.93,0.8628,0.8906
6/15/2021,0.8905,0.9017,0.8551,0.8663
6/16/2021,0.8663,0.8733,0.8259,0.832
6/17/2021,0.8319,0.8612,0.8234,0.8419
6/18/2021,0.8419,0.845,0.7687,0.7972
6/19/2021,0.7971,0.8055,0.7557,0.7582
6/20/2021,0.7583,0.785,0.6968,0.7741
6/21/2021,0.7741,0.7803,0.6037,0.6067
6/22/2021,0.6068,0.65,0.509,0.5468
6/23/2021,0.5468,0.6655,0.5203,0.6383
6/24/2021,0.6383,0.6928,0.6163,0.6731
6/25/2021,0.6731,0.6889,0.6019,0.6111
6/26/2021,0.611,0.6329,0.5814,0.6162
6/27/2021,0.6163,0.6523,0.5963,0.6484
6/28/2021,0.6483,0.6583,0.6238,0.6444
6/29/2021,0.6444,0.734,0.6417,0.7063
6/30/2021,0.7062,0.7145,0.6477,0.7063
7/1/2021,0.7062,0.7064,0.644,0.6591
7/2/2021,0.6592,0.6676,0.6329,0.6556
7/3/2021,0.6557,0.6849,0.6433,0.6732
7/4/2021,0.6733,0.7091,0.6655,0.696
7/5/2021,0.696,0.697,0.6444,0.6526
7/6/2021,0.6526,0.68,0.6511,0.6648
7/7/2021,0.6648,0.674,0.65,0.6522
7/8/2021,0.6521,0.6545,0.6108,0.6215
7/9/2021,0.6214,0.6457,0.5917,0.6369
7/10/2021,0.6369,0.6489,0.612,0.6246
7/11/2021,0.6246,0.6449,0.6169,0.6364
7/12/2021,0.6363,0.6575,0.6172,0.6288
7/13/2021,0.6288,0.6426,0.6086,0.6192
7/14/2021,0.6193,0.625,0.5851,0.6197
7/15/2021,0.6196,0.6269,0.5874,0.5979
7/16/2021,0.5979,0.6211,0.5874,0.5893
7/17/2021,0.5893,0.5977,0.56,0.5821
7/18/2021,0.5822,0.6016,0.571,0.5866
7/19/2021,0.5867,0.5889,0.5533,0.557
7/20/2021,0.557,0.5699,0.5157,0.5284
7/21/2021,0.5284,0.584,0.5193,0.5719
7/22/2021,0.5718,0.6033,0.5609,0.592
7/23/2021,0.592,0.6101,0.5753,0.6091
7/24/2021,0.6092,0.6205,0.5996,0.6085
7/25/2021,0.6085,0.6118,0.5906,0.6069
7/26/2021,0.6069,0.6793,0.6048,0.6234
7/27/2021,0.6234,0.6528,0.6121,0.6451
7/28/2021,0.645,0.7549,0.6308,0.7327
7/29/2021,0.7327,0.7665,0.697,0.7488
7/30/2021,0.7488,0.7697,0.7115,0.7521
7/31/2021,0.7522,0.7591,0.7367,0.746
8/1/2021,0.7461,0.7778,0.7042,0.7242
8/2/2021,0.7242,0.774,0.715,0.738
8/3/2021,0.738,0.745,0.7008,0.7136
8/4/2021,0.7136,0.7398,0.6952,0.731
8/5/2021,0.731,0.7389,0.701,0.7327
8/6/2021,0.7327,0.753,0.7219,0.7474
8/7/2021,0.7474,0.8189,0.7411,0.8162
8/8/2021,0.8163,0.8413,0.7717,0.7788
8/9/2021,0.7788,0.8279,0.7596,0.817
8/10/2021,0.8169,0.8622,0.8,0.8511
8/11/2021,0.8511,1.0906,0.848,1.0105
8/12/2021,1.0106,1.045,0.9222,0.966
8/13/2021,0.9661,1.0968,0.9501,1.0901
8/14/2021,1.0901,1.31,1.0691,1.2791
8/15/2021,1.2788,1.35,1.2252,1.2839
8/16/2021,1.2838,1.3288,1.1432,1.1855
8/17/2021,1.1855,1.2479,1.085,1.0978
8/18/2021,1.098,1.1963,1.0501,1.1431
8/19/2021,1.143,1.2355,1.0895,1.2347
8/20/2021,1.2347,1.2897,1.1992,1.2629
8/21/2021,1.2629,1.2835,1.2,1.2158
8/22/2021,1.2158,1.2557,1.1776,1.226
8/23/2021,1.2258,1.3046,1.2024,1.2457
8/24/2021,1.2456,1.2658,1.1212,1.1353
8/25/2021,1.1353,1.1779,1.1073,1.1735
8/26/2021,1.1735,1.1866,1.0636,1.0712
8/27/2021,1.0713,1.1926,1.0501,1.1918
8/28/2021,1.1918,1.198,1.1329,1.1459
8/29/2021,1.1458,1.1683,1.112,1.1408
8/30/2021,1.1408,1.1488,1.0946,1.1002
8/31/2021,1.1005,1.2441,1.0907,1.1856
9/1/2021,1.1856,1.2384,1.158,1.2362
9/2/2021,1.2362,1.295,1.2216,1.2533
9/3/2021,1.2533,1.3235,1.2189,1.2907
9/4/2021,1.2906,1.2972,1.2352,1.2548
9/5/2021,1.2548,1.3125,1.2361,1.3076
9/6/2021,1.3075,1.4151,1.3065,1.3894
9/7/2021,1.3894,1.3922,0.9524,1.1292
9/8/2021,1.129,1.148,1.0133,1.0998
9/9/2021,1.0999,1.1377,1.0619,1.0868
9/10/2021,1.0868,1.245,1.03,1.0552
9/11/2021,1.0552,1.12,1.0503,1.0787
9/12/2021,1.0788,1.1276,1.0576,1.1181
9/13/2021,1.1181,1.1266,1.025,1.0643
9/14/2021,1.0644,1.0978,1.0566,1.0963
9/15/2021,1.0962,1.13,1.0784,1.1207
9/16/2021,1.1207,1.13,1.0662,1.0902
9/17/2021,1.0903,1.1025,1.0509,1.0661
9/18/2021,1.0663,1.0952,1.0562,1.0751
9/19/2021,1.0752,1.0837,1.0383,1.0483
9/20/2021,1.0483,1.0497,0.8738,0.9216
9/21/2021,0.9216,0.9593,0.8582,0.8743
9/22/2021,0.874,1.0094,0.8679,1.0033
9/23/2021,1.0033,1.017,0.9676,1.0016
9/24/2021,1.0016,1.0027,0.8858,0.944
9/25/2021,0.9442,0.9577,0.9163,0.94
9/26/2021,0.9399,0.9567,0.8915,0.9436
9/27/2021,0.9436,0.9818,0.9194,0.9218
9/28/2021,0.9217,0.9431,0.8903,0.8928
9/29/2021,0.8928,0.9941,0.8861,0.9268
9/30/2021,0.9266,0.964,0.9217,0.9533
10/1/2021,0.9535,1.0695,0.9443,1.0422
10/2/2021,1.0422,1.0733,1.0079,1.0359
10/3/2021,1.0359,1.0884,1.021,1.0552
10/4/2021,1.0552,1.0596,1.0059,1.0425
10/5/2021,1.0429,1.088,1.038,1.0839
10/6/2021,1.084,1.1081,1.0171,1.0765
10/7/2021,1.0766,1.0942,1.0423,1.0678
10/8/2021,1.0677,1.0927,1.0539,1.0636
10/9/2021,1.0636,1.2089,1.0565,1.1604
10/10/2021,1.1604,1.23,1.1262,1.1352
10/11/2021,1.1352,1.182,1.1017,1.1364
10/12/2021,1.1363,1.1364,1.0634,1.1018
10/13/2021,1.1017,1.1387,1.075,1.1275
10/14/2021,1.1277,1.16,1.1174,1.1336
10/15/2021,1.1335,1.1656,1.0914,1.1413
10/16/2021,1.1415,1.1869,1.13,1.1343
10/17/2021,1.1343,1.1407,1.0172,1.0944
10/18/2021,1.0943,1.1064,1.0642,1.0827
10/19/2021,1.0827,1.1009,1.0661,1.0911
10/20/2021,1.0911,1.1529,1.0868,1.1455
10/21/2021,1.1451,1.164,1.0851,1.0886
10/22/2021,1.0885,1.1288,1.0739,1.0885
10/23/2021,1.0885,1.1018,1.0763,1.0934
10/24/2021,1.0935,1.0961,1.0522,1.0821
10/25/2021,1.0821,1.1034,1.0778,1.0951
10/26/2021,1.0951,1.1606,1.0905,1.1075
10/27/2021,1.1076,1.1248,0.9483,0.995
10/28/2021,0.9951,1.0816,0.981,1.0579
10/29/2021,1.058,1.0903,1.0409,1.0825
10/30/2021,1.0825,1.1169,1.0611,1.0846
10/31/2021,1.0845,1.1544,1.0689,1.1128
11/1/2021,1.1128,1.1321,1.069,1.0915
11/2/2021,1.0916,1.1468,1.0851,1.1349
11/3/2021,1.1348,1.2363,1.1255,1.2101
11/4/2021,1.21,1.2574,1.1604,1.2004
11/5/2021,1.2004,1.2015,1.1311,1.1581
11/6/2021,1.1581,1.1828,1.1,1.151
11/7/2021,1.1511,1.2374,1.1451,1.2198
11/8/2021,1.2198,1.296,1.2192,1.2815
11/9/2021,1.2815,1.2884,1.2245,1.2571
11/10/2021,1.2572,1.3493,1.1174,1.1902
11/11/2021,1.1902,1.2544,1.1764,1.2142
11/12/2021,1.2142,1.2332,1.1542,1.1883
11/13/2021,1.1884,1.2039,1.167,1.1892
11/14/2021,1.1894,1.1995,1.1675,1.1879
11/15/2021,1.1879,1.2198,1.1651,1.172
11/16/2021,1.172,1.1721,1.0418,1.0877
11/17/2021,1.0877,1.113,1.0588,1.0953
11/18/2021,1.0953,1.17,1.015,1.0406
11/19/2021,1.0406,1.103,1.0174,1.0892
11/20/2021,1.0892,1.1015,1.0594,1.0965
11/21/2021,1.0965,1.0974,1.0544,1.0569
11/22/2021,1.0571,1.071,1.0251,1.0354
11/23/2021,1.0354,1.0715,1.0192,1.0661
11/24/2021,1.0662,1.0735,1.0068,1.0326
11/25/2021,1.0325,1.0647,1.0215,1.0438
11/26/2021,1.0439,1.0467,0.9108,0.9394
11/27/2021,0.9392,0.9656,0.9336,0.9452
11/28/2021,0.9453,0.9692,0.8825,0.9687
11/29/2021,0.9687,1.0019,0.9631,0.9898
11/30/2021,0.9899,1.0304,0.97,0.9983
12/1/2021,0.9984,1.0173,0.9799,0.9899
12/2/2021,0.9898,0.9901,0.9545,0.9716
12/3/2021,0.9715,0.9838,0.89,0.9211
12/4/2021,0.9211,0.9245,0.6,0.8449
12/5/2021,0.8452,0.862,0.769,0.8045
12/6/2021,0.8045,0.8303,0.7485,0.8255
12/7/2021,0.8256,0.8467,0.8042,0.8154
12/8/2021,0.8154,0.8844,0.8026,0.8622
12/9/2021,0.8623,0.9361,0.8319,0.8583
12/10/2021,0.8583,0.8829,0.7914,0.7992
12/11/2021,0.7992,0.8445,0.7844,0.8392
12/12/2021,0.8391,0.8572,0.8088,0.8393
12/13/2021,0.8394,0.8444,0.7601,0.7818
12/14/2021,0.782,0.8214,0.7717,0.8103
12/15/2021,0.8102,0.84,0.777,0.8262
12/16/2021,0.8262,0.8364,0.8028,0.8051
12/17/2021,0.8053,0.8322,0.7754,0.7966
12/18/2021,0.7967,0.8347,0.791,0.8262
12/19/2021,0.8263,0.8485,0.819,0.835
12/20/2021,0.835,0.915,0.8241,0.8798
12/21/2021,0.8799,0.961,0.8527,0.9467
12/22/2021,0.9466,0.9738,0.923,0.9537
12/23/2021,0.9538,1.0167,0.9372,0.9941
12/24/2021,0.9941,0.9966,0.8964,0.9115
12/25/2021,0.9114,0.935,0.8981,0.9252
12/26/2021,0.9252,0.9334,0.9052,0.92
12/27/2021,0.92,0.956,0.9141,0.9269
12/28/2021,0.9269,0.9269,0.8456,0.8515
12/29/2021,0.8516,0.8645,0.81,0.8171
12/30/2021,0.8172,0.86,0.802,0.8386
12/31/2021,0.8385,0.8545,0.8025,0.8297
1/1/2022,0.8298,0.8557,0.8297,0.8507
1/2/2022,0.8508,0.8667,0.8372,0.8586
1/3/2022,0.8586,0.8587,0.8213,0.8324
1/4/2022,0.8324,0.8456,0.7794,0.8228
1/5/2022,0.8227,0.8372,0.7092,0.7726
1/6/2022,0.7725,0.7909,0.7377,0.7791
1/7/2022,0.779,0.7808,0.7287,0.7634
1/8/2022,0.7634,0.7768,0.7222,0.7452
1/9/2022,0.7452,0.7667,0.7381,0.753
1/10/2022,0.753,0.7589,0.6967,0.7399
1/11/2022,0.7399,0.7768,0.7306,0.7703
1/12/2022,0.7702,0.816,0.757,0.7987
1/13/2022,0.7986,0.8024,0.7604,0.768
1/14/2022,0.7677,0.8,0.7513,0.7732
1/15/2022,0.7733,0.79,0.768,0.7791
1/16/2022,0.7791,0.7884,0.768,0.7784
1/17/2022,0.7785,0.7805,0.7498,0.7617
1/18/2022,0.7616,0.7686,0.7352,0.7509
1/19/2022,0.751,0.7533,0.7231,0.7381
1/20/2022,0.7381,0.7622,0.7161,0.7199
1/21/2022,0.7199,0.7285,0.6112,0.6368
1/22/2022,0.6368,0.6542,0.5489,0.5966
1/23/2022,0.5966,0.6352,0.59,0.6283
1/24/2022,0.6284,0.6286,0.5524,0.6118
1/25/2022,0.6118,0.6243,0.5872,0.618
1/26/2022,0.6178,0.6586,0.6047,0.6193
1/27/2022,0.6193,0.6247,0.5893,0.6088
1/28/2022,0.6089,0.614,0.5916,0.6111
1/29/2022,0.6112,0.6255,0.6083,0.6174
1/30/2022,0.6175,0.6232,0.5973,0.6013
1/31/2022,0.6012,0.6242,0.5803,0.6174
2/1/2022,0.6174,0.6308,0.6107,0.6284
2/2/2022,0.6284,0.6314,0.5955,0.6006
2/3/2022,0.6006,0.6116,0.5886,0.6102
2/4/2022,0.6101,0.6589,0.6044,0.6555
2/5/2022,0.6557,0.6869,0.65,0.6656
2/6/2022,0.6656,0.688,0.6589,0.6825
2/7/2022,0.6825,0.839,0.6712,0.8314
2/8/2022,0.8314,0.9142,0.8034,0.8763
2/9/2022,0.8763,0.9168,0.8413,0.8697
2/10/2022,0.8699,0.8975,0.821,0.8253
2/11/2022,0.8253,0.8339,0.75,0.7591
2/12/2022,0.759,0.8532,0.7465,0.8223
2/13/2022,0.8223,0.8476,0.792,0.8057
2/14/2022,0.8057,0.8127,0.7791,0.8012
2/15/2022,0.8012,0.8599,0.7961,0.8515
2/16/2022,0.8514,0.8532,0.8086,0.8366
2/17/2022,0.8367,0.8448,0.7535,0.769
2/18/2022,0.7689,0.8055,0.756,0.784
2/19/2022,0.7841,0.8547,0.7696,0.8215
2/20/2022,0.8215,0.8234,0.7643,0.7769
2/21/2022,0.7769,0.802,0.6953,0.7018
2/22/2022,0.7018,0.7266,0.6686,0.7209
2/23/2022,0.7209,0.7441,0.6924,0.6967
2/24/2022,0.6967,0.7226,0.6215,0.6963
2/25/2022,0.6962,0.7807,0.6826,0.7699
2/26/2022,0.7698,0.7955,0.7403,0.7508
2/27/2022,0.7508,0.7677,0.7032,0.7215
2/28/2022,0.7216,0.7938,0.7075,0.7809
3/1/2022,0.7809,0.8039,0.7574,0.7839
3/2/2022,0.784,0.7848,0.7562,0.7687
3/3/2022,0.7688,0.7897,0.7336,0.7515
3/4/2022,0.7514,0.755,0.6942,0.7127
3/5/2022,0.7127,0.7693,0.7049,0.754
3/6/2022,0.7539,0.7589,0.7211,0.7251
3/7/2022,0.7252,0.7544,0.7033,0.7197
3/8/2022,0.7196,0.7313,0.7135,0.7207
3/9/2022,0.7208,0.775,0.7199,0.7658
3/10/2022,0.7659,0.7797,0.7215,0.7361
3/11/2022,0.7361,0.814,0.725,0.8029
3/12/2022,0.8028,0.849,0.7783,0.7857
3/13/2022,0.7857,0.8057,0.7508,0.7602
3/14/2022,0.7602,0.7779,0.745,0.7748
3/15/2022,0.7747,0.7768,0.7413,0.7657
3/16/2022,0.7658,0.7945,0.7569,0.7919
3/17/2022,0.7919,0.802,0.783,0.7935
3/18/2022,0.7936,0.8007,0.7762,0.7965
3/19/2022,0.7964,0.8268,0.7915,0.8194
3/20/2022,0.8195,0.822,0.795,0.8057
3/21/2022,0.8057,0.8549,0.7875,0.8373
3/22/2022,0.8372,0.8653,0.8273,0.8366
3/23/2022,0.8366,0.846,0.8171,0.8376
3/24/2022,0.8376,0.85,0.8272,0.8428
3/25/2022,0.8428,0.8459,0.8185,0.8239
3/26/2022,0.8239,0.8349,0.8206,0.8327
3/27/2022,0.8326,0.8582,0.8275,0.858
3/28/2022,0.8579,0.93,0.8528,0.8641
3/29/2022,0.864,0.8857,0.8389,0.8577
3/30/2022,0.8576,0.8718,0.8455,0.8613
3/31/2022,0.8613,0.8737,0.7794,0.8148
4/1/2022,0.8149,0.8343,0.807,0.8277
4/2/2022,0.8277,0.8499,0.8185,0.824
4/3/2022,0.824,0.8519,0.8143,0.8432
4/4/2022,0.8432,0.844,0.8041,0.826
4/5/2022,0.8261,0.8366,0.8145,0.8164
4/6/2022,0.8164,0.8184,0.7555,0.7595
4/7/2022,0.7594,0.7911,0.7523,0.7871
4/8/2022,0.787,0.7944,0.7463,0.7549
4/9/2022,0.755,0.7668,0.7531,0.7622
4/10/2022,0.7623,0.7731,0.7524,0.7543
4/11/2022,0.7543,0.7558,0.6802,0.6948
4/12/2022,0.6949,0.734,0.6924,0.7152
4/13/2022,0.7151,0.7252,0.7017,0.7232
4/14/2022,0.7232,0.7413,0.7083,0.7262
4/15/2022,0.7262,0.7975,0.7261,0.7858
4/16/2022,0.7859,0.7999,0.7658,0.7808
4/17/2022,0.7808,0.7861,0.7477,0.7519
4/18/2022,0.7519,0.7699,0.7266,0.7699
4/19/2022,0.7698,0.786,0.7588,0.7749
4/20/2022,0.7749,0.7753,0.742,0.7517
4/21/2022,0.7517,0.7686,0.718,0.7328
4/22/2022,0.7328,0.7387,0.7142,0.7179
4/23/2022,0.7178,0.7267,0.7023,0.7057
4/24/2022,0.7057,0.7119,0.6944,0.6981
4/25/2022,0.698,0.6998,0.6451,0.6931
4/26/2022,0.6931,0.7065,0.6276,0.642
4/27/2022,0.642,0.663,0.6361,0.6522
4/28/2022,0.6522,0.6577,0.6333,0.6428
4/29/2022,0.6428,0.6464,0.5992,0.6116
4/30/2022,0.6115,0.6288,0.5663,0.5845
5/1/2022,0.5845,0.6125,0.576,0.607
5/2/2022,0.607,0.6312,0.5984,0.6143
5/3/2022,0.6143,0.628,0.5961,0.6047
5/4/2022,0.6047,0.65,0.6039,0.6459
5/5/2022,0.646,0.6572,0.5801,0.5981
5/6/2022,0.5981,0.6164,0.5875,0.6022
5/7/2022,0.6022,0.6044,0.5692,0.5808
5/8/2022,0.5808,0.5833,0.5572,0.5662
5/9/2022,0.5663,0.5789,0.47,0.4873
5/10/2022,0.4872,0.5371,0.4722,0.513
5/11/2022,0.513,0.5253,0.3646,0.4172
5/12/2022,0.4172,0.4296,0.3361,0.3856
5/13/2022,0.3856,0.4659,0.3813,0.4228
5/14/2022,0.4229,0.441,0.3955,0.4262
5/15/2022,0.4262,0.45,0.4149,0.4481
5/16/2022,0.4481,0.4481,0.4087,0.4231
5/17/2022,0.4231,0.4403,0.417,0.438
5/18/2022,0.438,0.4428,0.4037,0.4056
5/19/2022,0.4056,0.4242,0.3908,0.4205
5/20/2022,0.4205,0.4407,0.4016,0.4101
5/21/2022,0.4101,0.4183,0.403,0.4145
5/22/2022,0.4144,0.4255,0.4101,0.4218
5/23/2022,0.4217,0.4287,0.4002,0.4052
5/24/2022,0.4052,0.4138,0.3908,0.4086
5/25/2022,0.4087,0.4138,0.3948,0.406
5/26/2022,0.4061,0.4109,0.3753,0.392
5/27/2022,0.3921,0.4032,0.3764,0.3819
5/28/2022,0.382,0.389,0.3805,0.3863
5/29/2022,0.3863,0.3908,0.3794,0.3891
5/30/2022,0.3891,0.4197,0.3866,0.4187
5/31/2022,0.4188,0.4342,0.4065,0.4217
6/1/2022,0.4217,0.4266,0.3887,0.398
6/2/2022,0.3981,0.4072,0.3907,0.4055
6/3/2022,0.4054,0.4105,0.3839,0.3904
6/4/2022,0.3903,0.3944,0.3846,0.3925
6/5/2022,0.3925,0.3995,0.3895,0.3953
6/6/2022,0.3954,0.4099,0.394,0.4026
6/7/2022,0.4027,0.4175,0.3846,0.4076
6/8/2022,0.4076,0.4104,0.3947,0.4006
6/9/2022,0.4007,0.4041,0.3965,0.4002
6/10/2022,0.4002,0.4118,0.3762,0.3815
6/11/2022,0.3815,0.3887,0.3557,0.3599
6/12/2022,0.3598,0.3654,0.3394,0.3433
6/13/2022,0.3433,0.3507,0.3012,0.3118
6/14/2022,0.3117,0.3267,0.2936,0.3214
6/15/2022,0.3215,0.3469,0.298,0.3436
6/16/2022,0.3436,0.3475,0.3073,0.3132
6/17/2022,0.3132,0.3397,0.3105,0.321
6/18/2022,0.321,0.3263,0.2872,0.3075
6/19/2022,0.3074,0.333,0.2981,0.3264
6/20/2022,0.3262,0.3289,0.3135,0.3227
6/21/2022,0.3226,0.3374,0.3187,0.3294
6/22/2022,0.3294,0.3297,0.319,0.3223
6/23/2022,0.3223,0.3371,0.3213,0.3358
6/24/2022,0.3357,0.3871,0.3348,0.3672
6/25/2022,0.3672,0.3741,0.3542,0.3676
6/26/2022,0.3677,0.3751,0.3576,0.3592
6/27/2022,0.3591,0.3671,0.348,0.3537
6/28/2022,0.3537,0.3557,0.3353,0.3375
6/29/2022,0.3375,0.3417,0.3201,0.3296
6/30/2022,0.3296,0.3333,0.3056,0.3321
7/1/2022,0.332,0.3363,0.31,0.3139
7/2/2022,0.3142,0.3181,0.3089,0.3156
7/3/2022,0.3157,0.3258,0.3085,0.3215
7/4/2022,0.3216,0.33,0.3146,0.3287
7/5/2022,0.3287,0.331,0.3128,0.3252
7/6/2022,0.3252,0.334,0.32,0.3324
7/7/2022,0.3324,0.3456,0.3269,0.3422
7/8/2022,0.3423,0.359,0.3359,0.3402
7/9/2022,0.3403,0.3477,0.3392,0.3448
7/10/2022,0.3448,0.3449,0.3197,0.3255
7/11/2022,0.3256,0.3292,0.3108,0.3152
7/12/2022,0.3152,0.3182,0.3078,0.3116
7/13/2022,0.3117,0.326,0.302,0.3237
7/14/2022,0.3236,0.334,0.3122,0.3338
7/15/2022,0.3338,0.349,0.3273,0.3342
7/16/2022,0.3341,0.3565,0.3313,0.3505
7/17/2022,0.3504,0.3614,0.3413,0.3433
7/18/2022,0.3434,0.3701,0.3429,0.3653
7/19/2022,0.3652,0.3767,0.3515,0.3729
7/20/2022,0.3728,0.3817,0.3572,0.3635
7/21/2022,0.3635,0.3685,0.3485,0.3669
7/22/2022,0.3668,0.3716,0.3541,0.3578
7/23/2022,0.3578,0.3628,0.3498,0.3592
7/24/2022,0.3592,0.3667,0.3558,0.3586
7/25/2022,0.3585,0.3602,0.335,0.3362
7/26/2022,0.3362,0.3385,0.3252,0.3372
7/27/2022,0.3373,0.3597,0.3304,0.3594
7/28/2022,0.3594,0.3792,0.3489,0.3739
7/29/2022,0.3738,0.3799,0.3596,0.3679
7/30/2022,0.3679,0.4099,0.3629,0.3879
7/31/2022,0.388,0.3989,0.3782,0.3792
8/1/2022,0.3791,0.386,0.371,0.3791
8/2/2022,0.3791,0.3946,0.3667,0.3714
8/3/2022,0.3714,0.3775,0.3631,0.3695
8/4/2022,0.3695,0.375,0.3643,0.371
8/5/2022,0.371,0.3785,0.3673,0.3764
8/6/2022,0.3764,0.378,0.3703,0.3715
8/7/2022,0.3715,0.3772,0.3682,0.3722
8/8/2022,0.3723,0.3847,0.371,0.3787
8/9/2022,0.3787,0.3801,0.3606,0.3672
8/10/2022,0.3672,0.3815,0.3583,0.3814
8/11/2022,0.3814,0.386,0.377,0.3802
8/12/2022,0.3801,0.3806,0.3699,0.3796
8/13/2022,0.3797,0.3876,0.3763,0.378
8/14/2022,0.3779,0.3922,0.3738,0.3757
8/15/2022,0.3756,0.3852,0.3658,0.3751
8/16/2022,0.375,0.3784,0.3666,0.377
8/17/2022,0.377,0.3923,0.368,0.3795
8/18/2022,0.3796,0.3815,0.3691,0.3704
8/19/2022,0.3703,0.3707,0.3309,0.3344
8/20/2022,0.3345,0.3428,0.3321,0.3368
8/21/2022,0.3368,0.3485,0.3355,0.3449
8/22/2022,0.3448,0.3453,0.3313,0.344
8/23/2022,0.344,0.348,0.3326,0.3472
8/24/2022,0.3473,0.3525,0.3389,0.3456
8/25/2022,0.3456,0.3522,0.3435,0.3491
8/26/2022,0.3491,0.3712,0.3325,0.3393
8/27/2022,0.3393,0.3447,0.3283,0.3346
8/28/2022,0.3346,0.3373,0.3213,0.3224
8/29/2022,0.3223,0.3342,0.3186,0.3337
8/30/2022,0.3337,0.3359,0.32,0.3267
8/31/2022,0.3268,0.3339,0.323,0.3277
9/1/2022,0.3276,0.3334,0.3215,0.3331
9/2/2022,0.3332,0.3355,0.3253,0.3314
9/3/2022,0.3315,0.335,0.3265,0.3297
9/4/2022,0.3296,0.3328,0.3275,0.3317
9/5/2022,0.3318,0.3338,0.3225,0.3329
9/6/2022,0.3329,0.3431,0.3154,0.3212
9/7/2022,0.3212,0.3386,0.312,0.3369
9/8/2022,0.3369,0.3434,0.3282,0.3396
9/9/2022,0.3396,0.3597,0.3394,0.3568
9/10/2022,0.3568,0.3622,0.3514,0.3573
9/11/2022,0.3574,0.3604,0.3485,0.3552
9/12/2022,0.3551,0.3602,0.3478,0.3598
9/13/2022,0.3598,0.3603,0.3308,0.3326
9/14/2022,0.3326,0.3442,0.3312,0.3415
9/15/2022,0.3415,0.3429,0.3241,0.3261
9/16/2022,0.3261,0.3581,0.3216,0.3552
9/17/2022,0.3552,0.381,0.3464,0.3762
9/18/2022,0.3762,0.3981,0.3556,0.3576
9/19/2022,0.3578,0.3932,0.3401,0.3848
9/20/2022,0.3847,0.4242,0.3704,0.414
9/21/2022,0.4139,0.434,0.38,0.3936
9/22/2022,0.3936,0.5,0.3933,0.4862
9/23/2022,0.4861,0.559,0.4564,0.5069
9/24/2022,0.5069,0.5195,0.4717,0.4878
9/25/2022,0.4879,0.5215,0.4757,0.4917
9/26/2022,0.4916,0.502,0.4576,0.4683
9/27/2022,0.4682,0.4882,0.435,0.4457
9/28/2022,0.4458,0.4558,0.4168,0.4489
9/29/2022,0.4491,0.5109,0.4266,0.4877
9/30/2022,0.4876,0.4992,0.4667,0.4799
10/1/2022,0.4799,0.4865,0.4667,0.4754
10/2/2022,0.4753,0.4785,0.443,0.4485
10/3/2022,0.4485,0.4694,0.4372,0.4621
10/4/2022,0.4622,0.4858,0.4515,0.4795
10/5/2022,0.4795,0.502,0.4716,0.4887
10/6/2022,0.4888,0.5063,0.4883,0.4934
10/7/2022,0.4934,0.5339,0.48,0.5177
10/8/2022,0.5177,0.5292,0.5111,0.517
10/9/2022,0.5171,0.549,0.506,0.5325
10/10/2022,0.5325,0.538,0.4927,0.4939
10/11/2022,0.4939,0.5025,0.4768,0.4861
10/12/2022,0.486,0.496,0.482,0.4881
10/13/2022,0.4881,0.4898,0.4401,0.4791
10/14/2022,0.4791,0.5125,0.4782,0.4883
10/15/2022,0.4882,0.49,0.4774,0.4818
10/16/2022,0.4818,0.4876,0.468,0.4766
10/17/2022,0.4765,0.4825,0.4627,0.4804
10/18/2022,0.4804,0.4843,0.4571,0.4658
10/19/2022,0.4657,0.4667,0.4471,0.4504
10/20/2022,0.4504,0.4646,0.4224,0.4465
10/21/2022,0.4465,0.4617,0.4336,0.4614
10/22/2022,0.4613,0.4708,0.4561,0.4653
10/23/2022,0.4653,0.4726,0.4518,0.4688
10/24/2022,0.4688,0.473,0.4478,0.4529
10/25/2022,0.453,0.4728,0.4434,0.4605
10/26/2022,0.4606,0.4715,0.4562,0.4689
10/27/2022,0.4689,0.4824,0.4584,0.4615
10/28/2022,0.4615,0.4755,0.4564,0.4744
10/29/2022,0.4743,0.4837,0.4657,0.4701
10/30/2022,0.4702,0.4735,0.4537,0.4582
10/31/2022,0.4582,0.4674,0.4476,0.4641
11/1/2022,0.464,0.467,0.4543,0.4636
11/2/2022,0.4635,0.4659,0.4451,0.4497
11/3/2022,0.4498,0.4598,0.4487,0.4548
11/4/2022,0.4548,0.5078,0.4532,0.5064
11/5/2022,0.5063,0.51,0.489,0.493
11/6/2022,0.493,0.4947,0.468,0.4709
11/7/2022,0.4708,0.48,0.4585,0.4648
11/8/2022,0.4647,0.4669,0.3355,0.4059
11/9/2022,0.4059,0.411,0.316,0.3331
11/10/2022,0.3332,0.403,0.3301,0.3942
11/11/2022,0.3942,0.3991,0.3661,0.3843
11/12/2022,0.3843,0.3846,0.3592,0.3636
11/13/2022,0.3635,0.3694,0.3325,0.3408
11/14/2022,0.3409,0.3796,0.321,0.3776
11/15/2022,0.3775,0.3977,0.3668,0.3888
11/16/2022,0.3887,0.3915,0.3614,0.3752
11/17/2022,0.3751,0.3873,0.3691,0.3819
11/18/2022,0.3819,0.3878,0.3733,0.3829
11/19/2022,0.3829,0.3886,0.3752,0.3841
11/20/2022,0.3842,0.3969,0.3585,0.3608
11/21/2022,0.3608,0.369,0.3457,0.3645
11/22/2022,0.3645,0.3784,0.3513,0.3757
11/23/2022,0.3758,0.3824,0.3682,0.3815
11/24/2022,0.3816,0.405,0.3742,0.4018
11/25/2022,0.4018,0.4194,0.3888,0.4078
11/26/2022,0.4077,0.4146,0.3927,0.396
11/27/2022,0.396,0.4096,0.3942,0.3962
11/28/2022,0.3961,0.3991,0.373,0.3888
11/29/2022,0.3888,0.4039,0.3829,0.3981
11/30/2022,0.3981,0.4117,0.3926,0.4078
12/1/2022,0.4078,0.4093,0.3944,0.3969
12/2/2022,0.3968,0.3975,0.3838,0.3961
12/3/2022,0.3961,0.3973,0.3853,0.3873
12/4/2022,0.3873,0.3932,0.386,0.3895
12/5/2022,0.3895,0.3954,0.38,0.3893
12/6/2022,0.3893,0.3925,0.3808,0.3914
12/7/2022,0.3914,0.3925,0.3733,0.3835
12/8/2022,0.3834,0.3962,0.3826,0.3941
12/9/2022,0.3942,0.3952,0.3843,0.3889
12/10/2022,0.3889,0.3893,0.3854,0.3865
12/11/2022,0.3865,0.3886,0.3778,0.3809
12/12/2022,0.3808,0.3898,0.3707,0.3874
12/13/2022,0.3875,0.397,0.3786,0.3952
12/14/2022,0.3953,0.3956,0.3768,0.3853
12/15/2022,0.3852,0.3867,0.3735,0.378
12/16/2022,0.3779,0.3799,0.344,0.3511
12/17/2022,0.351,0.3598,0.3467,0.3545
12/18/2022,0.3545,0.3556,0.3473,0.3499
12/19/2022,0.3499,0.353,0.332,0.3389
12/20/2022,0.3389,0.3532,0.3359,0.3482
12/21/2022,0.3482,0.3505,0.3371,0.3449
12/22/2022,0.3448,0.3503,0.3414,0.3492
12/23/2022,0.3492,0.355,0.3471,0.3543
12/24/2022,0.3542,0.3544,0.3509,0.3517
12/25/2022,0.3518,0.3519,0.3439,0.3457
12/26/2022,0.3457,0.37,0.3455,0.3658
12/27/2022,0.3657,0.3731,0.3586,0.3675
12/28/2022,0.3675,0.3687,0.3546,0.3558
12/29/2022,0.3559,0.3577,0.3361,0.3421
12/30/2022,0.3421,0.3461,0.3337,0.3451
12/31/2022,0.345,0.3453,0.3384,0.3389
1/1/2023,0.3389,0.34,0.3354,0.3387
1/2/2023,0.3386,0.3555,0.3,0.3482
1/3/2023,0.3482,0.352,0.3395,0.3436
1/4/2023,0.3436,0.3605,0.339,0.3472
1/5/2023,0.3471,0.3487,0.3333,0.338
1/6/2023,0.338,0.3462,0.3311,0.3443
1/7/2023,0.3442,0.3457,0.3413,0.3442
1/8/2023,0.3442,0.3469,0.3354,0.3452
1/9/2023,0.3452,0.3576,0.3437,0.349
1/10/2023,0.3489,0.3541,0.3432,0.3507
1/11/2023,0.3506,0.3785,0.3477,0.3728
1/12/2023,0.3728,0.382,0.3607,0.3748
1/13/2023,0.3748,0.3868,0.368,0.3858
1/14/2023,0.3857,0.4089,0.3766,0.3953
1/15/2023,0.3953,0.3969,0.3795,0.3845
1/16/2023,0.3846,0.4064,0.3777,0.3855
1/17/2023,0.3855,0.3987,0.379,0.3868
1/18/2023,0.3868,0.3964,0.3655,0.3782
1/19/2023,0.3782,0.3965,0.3762,0.3928
1/20/2023,0.3929,0.4141,0.3859,0.4129
1/21/2023,0.4129,0.4166,0.3967,0.4034
1/22/2023,0.4034,0.4122,0.3962,0.4004
1/23/2023,0.4004,0.433,0.3995,0.4234
1/24/2023,0.4233,0.4312,0.4025,0.4078
1/25/2023,0.4079,0.4245,0.3965,0.417
1/26/2023,0.417,0.4178,0.4053,0.4092
1/27/2023,0.4091,0.4135,0.3988,0.4128
1/28/2023,0.4127,0.4168,0.4055,0.4078
1/29/2023,0.4078,0.4173,0.4066,0.4134
1/30/2023,0.4135,0.4222,0.386,0.3934
1/31/2023,0.3933,0.4113,0.388,0.4057
2/1/2023,0.4058,0.4157,0.3962,0.4131
2/2/2023,0.4132,0.4192,0.408,0.4098
2/3/2023,0.4097,0.4137,0.4054,0.4117
2/4/2023,0.4116,0.4204,0.4075,0.4106
2/5/2023,0.4106,0.412,0.3942,0.3984
2/6/2023,0.3985,0.4037,0.3909,0.392
2/7/2023,0.3921,0.4048,0.3901,0.4036
2/8/2023,0.4037,0.406,0.3936,0.3975
2/9/2023,0.3975,0.4092,0.3726,0.3819
2/10/2023,0.3818,0.3878,0.3771,0.3817
2/11/2023,0.3818,0.3841,0.3798,0.3833
2/12/2023,0.3834,0.385,0.3716,0.3747
2/13/2023,0.3747,0.3783,0.3612,0.3703
2/14/2023,0.3703,0.3839,0.3644,0.3819
2/15/2023,0.3819,0.4024,0.3765,0.4011
2/16/2023,0.401,0.4048,0.384,0.3841
2/17/2023,0.3841,0.4,0.3809,0.395
2/18/2023,0.3949,0.3976,0.3911,0.3943
2/19/2023,0.3942,0.3981,0.3845,0.3863
2/20/2023,0.3862,0.409,0.3774,0.3984
2/21/2023,0.3985,0.4025,0.3872,0.3919
2/22/2023,0.392,0.3977,0.3828,0.3953
2/23/2023,0.3953,0.3979,0.3853,0.3882
2/24/2023,0.3883,0.3908,0.3723,0.3783
2/25/2023,0.3783,0.3795,0.3692,0.3778
2/26/2023,0.3779,0.3807,0.3745,0.3779
2/27/2023,0.3779,0.3801,0.3708,0.3785
2/28/2023,0.3785,0.3827,0.3719,0.3762
3/1/2023,0.3762,0.3848,0.3726,0.3835
3/2/2023,0.3836,0.3846,0.3737,0.3772
3/3/2023,0.3772,0.3806,0.3539,0.3774
3/4/2023,0.3773,0.38,0.368,0.3735
3/5/2023,0.3735,0.3774,0.3653,0.3668
3/6/2023,0.3668,0.3743,0.3589,0.3695
3/7/2023,0.3696,0.3844,0.3669,0.3801
3/8/2023,0.3802,0.4018,0.3723,0.3889
3/9/2023,0.3889,0.3976,0.3639,0.3706
3/10/2023,0.3706,0.3752,0.3571,0.37
3/11/2023,0.3699,0.3741,0.3582,0.3638
3/12/2023,0.3637,0.3715,0.3473,0.3714
3/13/2023,0.3713,0.38,0.3553,0.3724
3/14/2023,0.3724,0.387,0.3647,0.3724
3/15/2023,0.3724,0.3757,0.356,0.3589
3/16/2023,0.3589,0.367,0.3562,0.3647
3/17/2023,0.3648,0.3825,0.362,0.3798
3/18/2023,0.3797,0.3898,0.3691,0.3739
3/19/2023,0.3739,0.4,0.3736,0.3857
3/20/2023,0.3858,0.3913,0.3707,0.3734
3/21/2023,0.3734,0.4929,0.3728,0.4696
3/22/2023,0.4696,0.475,0.4069,0.4213
3/23/2023,0.4213,0.4557,0.4116,0.4438
3/24/2023,0.4437,0.444,0.4141,0.4259
3/25/2023,0.426,0.465,0.4223,0.4429
3/26/2023,0.4429,0.4632,0.4403,0.4479
3/27/2023,0.4479,0.4888,0.4425,0.479
3/28/2023,0.4789,0.534,0.4666,0.5144
3/29/2023,0.5145,0.585,0.5145,0.5425
3/30/2023,0.5425,0.558,0.5214,0.5319
3/31/2023,0.5319,0.564,0.5257,0.5374
4/1/2023,0.5375,0.5375,0.4972,0.5095
4/2/2023,0.5095,0.529,0.5015,0.518
4/3/2023,0.5179,0.525,0.481,0.4959
4/4/2023,0.4958,0.5078,0.4871,0.5026
4/5/2023,0.5026,0.5271,0.4986,0.5055
4/6/2023,0.5056,0.5097,0.4913,0.5028
4/7/2023,0.5028,0.5156,0.4971,0.5126
4/8/2023,0.5127,0.513,0.5022,0.5048
4/9/2023,0.5049,0.5093,0.4983,0.5054
4/10/2023,0.5053,0.5199,0.5,0.5176
4/11/2023,0.5176,0.5283,0.511,0.5167
4/12/2023,0.5166,0.5179,0.4984,0.5049
4/13/2023,0.5049,0.5156,0.5014,0.5125
4/14/2023,0.5124,0.5465,0.5111,0.5227
4/15/2023,0.5227,0.5261,0.516,0.5192
4/16/2023,0.5192,0.5244,0.5152,0.5209
4/17/2023,0.5208,0.521,0.5066,0.5109
4/18/2023,0.511,0.5391,0.5092,0.5324
4/19/2023,0.5325,0.5375,0.471,0.4911
4/20/2023,0.4911,0.4993,0.465,0.4752
4/21/2023,0.4752,0.4792,0.4403,0.4491
4/22/2023,0.4491,0.4761,0.4455,0.4719
4/23/2023,0.472,0.472,0.4526,0.4647
4/24/2023,0.4648,0.4857,0.4469,0.4611
4/25/2023,0.461,0.4723,0.4506,0.4695
4/26/2023,0.4696,0.4831,0.4329,0.4618
4/27/2023,0.4618,0.4699,0.4557,0.4667
4/28/2023,0.4666,0.483,0.4637,0.4796
4/29/2023,0.4795,0.4869,0.4709,0.478
4/30/2023,0.4779,0.4819,0.4687,0.4705
5/1/2023,0.4705,0.4724,0.4544,0.4649
5/2/2023,0.4648,0.4662,0.4574,0.4645
5/3/2023,0.4644,0.4655,0.4497,0.4632
5/4/2023,0.4633,0.465,0.4547,0.4608
5/5/2023,0.4608,0.4706,0.4545,0.4671
5/6/2023,0.4671,0.4695,0.4512,0.4582
5/7/2023,0.4582,0.4601,0.4457,0.449
5/8/2023,0.4491,0.4512,0.41,0.4283
5/9/2023,0.4283,0.4308,0.4202,0.4289
5/10/2023,0.4289,0.434,0.4119,0.4303
5/11/2023,0.4303,0.4305,0.4114,0.4207
5/12/2023,0.4207,0.4446,0.4157,0.4305
5/13/2023,0.4305,0.4306,0.4227,0.424
5/14/2023,0.424,0.4317,0.421,0.4253
5/15/2023,0.4253,0.4304,0.4214,0.4273
5/16/2023,0.4273,0.443,0.4174,0.4425
5/17/2023,0.4426,0.4616,0.4375,0.4484
5/18/2023,0.4485,0.473,0.443,0.4596
5/19/2023,0.4597,0.4755,0.4573,0.4675
5/20/2023,0.4674,0.4719,0.4618,0.4685
5/21/2023,0.4685,0.4706,0.455,0.4575
5/22/2023,0.4574,0.4674,0.4496,0.4618
5/23/2023,0.4618,0.4672,0.4583,0.4651
5/24/2023,0.4651,0.4651,0.4457,0.453
5/25/2023,0.453,0.4551,0.4431,0.4538
5/26/2023,0.4538,0.4699,0.4524,0.4684
5/27/2023,0.4684,0.4792,0.4652,0.4714
5/28/2023,0.4714,0.4863,0.4699,0.482
5/29/2023,0.482,0.4954,0.4761,0.4946
5/30/2023,0.4946,0.5293,0.4893,0.5205
5/31/2023,0.5205,0.528,0.5009,0.5166
6/1/2023,0.5167,0.5167,0.5014,0.5065
6/2/2023,0.5065,0.5271,0.5033,0.5244
6/3/2023,0.5245,0.534,0.5144,0.5188
6/4/2023,0.5188,0.547,0.5151,0.5359
6/5/2023,0.5359,0.5431,0.4867,0.509
6/6/2023,0.5089,0.5328,0.4952,0.53
6/7/2023,0.53,0.5384,0.507,0.5183
6/8/2023,0.5183,0.5278,0.5156,0.5236
6/9/2023,0.5237,0.5418,0.5205,0.538
6/10/2023,0.538,0.5388,0.472,0.5067
6/11/2023,0.5067,0.5293,0.5027,0.5208
6/12/2023,0.5209,0.528,0.5086,0.5251
6/13/2023,0.5251,0.5658,0.5054,0.5192
6/14/2023,0.5193,0.5205,0.461,0.4801
6/15/2023,0.4802,0.4858,0.4663,0.4801
6/16/2023,0.4801,0.4833,0.4558,0.4759
6/17/2023,0.4758,0.4869,0.4694,0.4794
6/18/2023,0.4794,0.4979,0.4741,0.4868
6/19/2023,0.4868,0.4991,0.4811,0.4936
6/20/2023,0.4935,0.4967,0.4716,0.4929
6/21/2023,0.4928,0.5034,0.4892,0.4999
6/22/2023,0.4999,0.5272,0.4821,0.4938
6/23/2023,0.4937,0.5023,0.484,0.4961
6/24/2023,0.496,0.4961,0.478,0.4865
6/25/2023,0.4865,0.4977,0.4829,0.4903
6/26/2023,0.4903,0.4919,0.4701,0.479
6/27/2023,0.479,0.4851,0.4759,0.4838
6/28/2023,0.4839,0.4844,0.4493,0.4647
6/29/2023,0.4648,0.4773,0.4612,0.4747
6/30/2023,0.4747,0.4827,0.4498,0.4729
7/1/2023,0.473,0.476,0.464,0.4732
7/2/2023,0.4732,0.4961,0.4697,0.4845
7/3/2023,0.4844,0.4914,0.4784,0.489
7/4/2023,0.489,0.4935,0.4816,0.4872
7/5/2023,0.4872,0.4919,0.4696,0.4777
7/6/2023,0.4777,0.4842,0.4612,0.4622
7/7/2023,0.4622,0.4708,0.4575,0.4687
7/8/2023,0.4686,0.4748,0.4649,0.4704
7/9/2023,0.4705,0.4717,0.4664,0.468
7/10/2023,0.4681,0.48,0.4622,0.478
7/11/2023,0.478,0.4784,0.4709,0.4753
7/12/2023,0.4753,0.4772,0.4648,0.471
7/13/2023,0.471,0.938,0.4695,0.8153
7/14/2023,0.8151,0.8253,0.6686,0.7179
7/15/2023,0.7178,0.7362,0.6919,0.7145
7/16/2023,0.7144,0.79,0.702,0.7468
7/17/2023,0.7468,0.7662,0.7122,0.7374
7/18/2023,0.7373,0.785,0.7304,0.7779
7/19/2023,0.778,0.8547,0.7685,0.8199
7/20/2023,0.8198,0.8489,0.771,0.7942
7/21/2023,0.7942,0.7987,0.7601,0.7713
7/22/2023,0.7713,0.7799,0.7215,0.7331
7/23/2023,0.733,0.7525,0.7149,0.7384
7/24/2023,0.7384,0.743,0.6808,0.7021
7/25/2023,0.702,0.7163,0.6743,0.7089
7/26/2023,0.709,0.7313,0.6927,0.7161
7/27/2023,0.7161,0.7328,0.7061,0.7139
7/28/2023,0.7138,0.7189,0.7021,0.712
7/29/2023,0.7119,0.7158,0.7041,0.7121
7/30/2023,0.7122,0.7358,0.6825,0.7046
7/31/2023,0.7047,0.7205,0.685,0.6976
8/1/2023,0.6976,0.7082,0.6732,0.7069
8/2/2023,0.7069,0.7081,0.6762,0.685
8/3/2023,0.6849,0.6875,0.6543,0.663
8/4/2023,0.6629,0.6677,0.625,0.6356
8/5/2023,0.6356,0.6358,0.6106,0.6288
8/6/2023,0.6288,0.6388,0.6214,0.624
8/7/2023,0.624,0.6299,0.5967,0.6236
8/8/2023,0.6235,0.6482,0.6141,0.6418
8/9/2023,0.6418,0.6662,0.6314,0.6433
8/10/2023,0.6434,0.6445,0.6241,0.6331
8/11/2023,0.6331,0.6413,0.6257,0.6318
8/12/2023,0.6317,0.6335,0.6224,0.6276
8/13/2023,0.6276,0.6385,0.6235,0.6256
8/14/2023,0.6256,0.6369,0.6241,0.6343
8/15/2023,0.6342,0.6348,0.58,0.6104
8/16/2023,0.6104,0.617,0.572,0.5889
8/17/2023,0.589,0.5948,0.4226,0.5064
8/18/2023,0.5064,0.523,0.4829,0.5062
8/19/2023,0.5062,0.5249,0.5006,0.5199
8/20/2023,0.52,0.5582,0.516,0.5384
8/21/2023,0.5385,0.5398,0.503,0.5245
8/22/2023,0.5245,0.5256,0.5032,0.521
8/23/2023,0.5211,0.5368,0.5157,0.5301
8/24/2023,0.5302,0.5319,0.5111,0.5187
8/25/2023,0.5187,0.5319,0.5078,0.5258
8/26/2023,0.5258,0.5283,0.5178,0.5231
8/27/2023,0.5231,0.5303,0.5163,0.5236
8/28/2023,0.5235,0.525,0.5102,0.5232
8/29/2023,0.5232,0.5496,0.5131,0.5398
8/30/2023,0.5398,0.5404,0.5216,0.5284
8/31/2023,0.5284,0.5288,0.495,0.511
9/1/2023,0.511,0.512,0.4864,0.498
9/2/2023,0.4981,0.5029,0.4943,0.4988
9/3/2023,0.4989,0.5107,0.4971,0.5047
9/4/2023,0.5047,0.513,0.4966,0.5087
9/5/2023,0.5087,0.5088,0.499,0.5056
9/6/2023,0.5056,0.5058,0.4909,0.5033
9/7/2023,0.5033,0.5069,0.4965,0.505
9/8/2023,0.5051,0.5076,0.4941,0.505
9/9/2023,0.5049,0.5049,0.5015,0.5038
9/10/2023,0.5038,0.5039,0.4923,0.4969
9/11/2023,0.4969,0.4982,0.459,0.4744
9/12/2023,0.4744,0.4867,0.47,0.4804
9/13/2023,0.4804,0.4897,0.4723,0.4832
9/14/2023,0.4833,0.4941,0.4799,0.4892
9/15/2023,0.4892,0.5086,0.4874,0.5005
9/16/2023,0.5004,0.5035,0.4968,0.4998
9/17/2023,0.4997,0.5004,0.4894,0.4925
9/18/2023,0.4925,0.5077,0.4864,0.503
9/19/2023,0.503,0.5166,0.5005,0.514
9/20/2023,0.5139,0.5254,0.5065,0.5212
9/21/2023,0.5213,0.5214,0.5001,0.5071
9/22/2023,0.5072,0.517,0.5036,0.5122
9/23/2023,0.5122,0.5138,0.5055,0.5076
9/24/2023,0.5076,0.5118,0.4984,0.5021
9/25/2023,0.502,0.5072,0.4912,0.5056
9/26/2023,0.5056,0.5075,0.496,0.5019
9/27/2023,0.5019,0.5071,0.4968,0.4993
9/28/2023,0.4993,0.5102,0.4952,0.5098
9/29/2023,0.5097,0.5494,0.5061,0.5215
9/30/2023,0.5215,0.5218,0.5134,0.5149
10/1/2023,0.5148,0.526,0.5137,0.5241
10/2/2023,0.524,0.5266,0.5075,0.5123
10/3/2023,0.5122,0.5479,0.5055,0.539
10/4/2023,0.5391,0.5426,0.5194,0.5326
10/5/2023,0.5326,0.5326,0.5155,0.5227
10/6/2023,0.5227,0.5298,0.5169,0.5255
10/7/2023,0.5255,0.5258,0.5197,0.5216
10/8/2023,0.5216,0.5234,0.5153,0.5174
10/9/2023,0.5174,0.5201,0.4875,0.5027
10/10/2023,0.5027,0.5027,0.4917,0.4965
10/11/2023,0.4964,0.4977,0.4788,0.4888
10/12/2023,0.4889,0.4889,0.4729,0.483
10/13/2023,0.4831,0.4907,0.4786,0.4851
10/14/2023,0.4852,0.4883,0.4835,0.4865
10/15/2023,0.4866,0.4902,0.485,0.4874
10/16/2023,0.4874,0.5109,0.485,0.4978
10/17/2023,0.4977,0.498,0.4845,0.4912
10/18/2023,0.4911,0.4924,0.4855,0.4878
10/19/2023,0.4878,0.5245,0.4769,0.5197
10/20/2023,0.5197,0.5309,0.5084,0.5149
10/21/2023,0.515,0.5325,0.5109,0.5208
10/22/2023,0.5208,0.5242,0.5118,0.5226
10/23/2023,0.5226,0.5536,0.5199,0.5475
10/24/2023,0.5475,0.5866,0.5346,0.5588
10/25/2023,0.5587,0.5639,0.5404,0.5552
10/26/2023,0.5552,0.5695,0.5426,0.5533
10/27/2023,0.5534,0.5588,0.5325,0.543
10/28/2023,0.543,0.5506,0.5405,0.5446
10/29/2023,0.5446,0.5614,0.5405,0.5561
10/30/2023,0.556,0.5843,0.5494,0.578
10/31/2023,0.578,0.6213,0.5627,0.5996
11/1/2023,0.5995,0.6164,0.5802,0.6085
11/2/2023,0.6084,0.6262,0.5865,0.6054
11/3/2023,0.6053,0.615,0.5914,0.6121
11/4/2023,0.612,0.6181,0.6083,0.6149
11/5/2023,0.6149,0.663,0.6137,0.6607
11/6/2023,0.6606,0.7324,0.6584,0.7148
11/7/2023,0.7147,0.7155,0.65,0.685
11/8/2023,0.6851,0.699,0.6725,0.6869
11/9/2023,0.6869,0.7069,0.63,0.6665
11/10/2023,0.6667,0.6711,0.6359,0.6595
11/11/2023,0.6594,0.69,0.6401,0.6626
11/12/2023,0.6626,0.6709,0.6458,0.6613
11/13/2023,0.6612,0.75,0.6397,0.6702
11/14/2023,0.6701,0.6724,0.5967,0.6296
11/15/2023,0.6296,0.6504,0.6251,0.6481
11/16/2023,0.6482,0.653,0.6033,0.6119
11/17/2023,0.6118,0.6244,0.5859,0.6133
11/18/2023,0.6132,0.6144,0.589,0.6106
11/19/2023,0.6106,0.6286,0.6012,0.6258
11/20/2023,0.6258,0.6282,0.6061,0.6122
11/21/2023,0.6121,0.6178,0.5725,0.5788
11/22/2023,0.5787,0.6162,0.5774,0.6109
11/23/2023,0.6109,0.6238,0.6059,0.6209
11/24/2023,0.6208,0.6258,0.6155,0.6212
11/25/2023,0.6212,0.6238,0.6157,0.6228
11/26/2023,0.6228,0.6375,0.6064,0.6157
11/27/2023,0.6157,0.6168,0.5937,0.6039
11/28/2023,0.6039,0.6139,0.5957,0.6107
11/29/2023,0.6106,0.617,0.604,0.6091
11/30/2023,0.609,0.6099,0.5982,0.6063
12/1/2023,0.6063,0.6143,0.6031,0.6125
12/2/2023,0.6126,0.6229,0.611,0.6208
12/3/2023,0.6207,0.6342,0.6168,0.6229
12/4/2023,0.6229,0.6439,0.582,0.6245
12/5/2023,0.6246,0.6307,0.6076,0.621
12/6/2023,0.621,0.6437,0.6104,0.64
12/7/2023,0.64,0.6544,0.6204,0.6432
12/8/2023,0.6431,0.6756,0.6373,0.6721
12/9/2023,0.672,0.7,0.651,0.6584
12/10/2023,0.6584,0.6715,0.6468,0.6617
12/11/2023,0.6617,0.6628,0.6,0.6187
12/12/2023,0.6187,0.6263,0.6067,0.6192
12/13/2023,0.6191,0.6348,0.5925,0.6275
12/14/2023,0.6276,0.6379,0.6053,0.6316
12/15/2023,0.6316,0.6441,0.6116,0.6156
12/16/2023,0.6156,0.6258,0.61,0.6203
12/17/2023,0.6202,0.6237,0.6084,0.6103
12/18/2023,0.6103,0.6145,0.5778,0.6125
12/19/2023,0.6125,0.6167,0.5972,0.6047
12/20/2023,0.6047,0.6264,0.601,0.6171
12/21/2023,0.6171,0.6249,0.6103,0.6241
12/22/2023,0.624,0.6317,0.6154,0.6244
12/23/2023,0.6243,0.6249,0.6106,0.6195
12/24/2023,0.6195,0.6295,0.6035,0.6121
12/25/2023,0.6122,0.6488,0.6082,0.6462
12/26/2023,0.6461,0.6469,0.6,0.6219
12/27/2023,0.6219,0.6421,0.6127,0.634
12/28/2023,0.6341,0.6584,0.6249,0.6346
12/29/2023,0.6346,0.6363,0.6121,0.623
12/30/2023,0.6229,0.6297,0.6158,0.6207
12/31/2023,0.6207,0.6285,0.6055,0.6156
1/1/2024,0.6155,0.6309,0.6083,0.6294
1/2/2024,0.6295,0.6405,0.6213,0.6246
1/3/2024,0.6245,0.6394,0.5,0.5823
1/4/2024,0.5823,0.5938,0.5692,0.5868
1/5/2024,0.5868,0.5885,0.553,0.5757
1/6/2024,0.5758,0.5758,0.5568,0.5679
1/7/2024,0.568,0.573,0.5454,0.5515
1/8/2024,0.5515,0.5821,0.5442,0.5776
1/9/2024,0.5776,0.5793,0.5531,0.5669
1/10/2024,0.567,0.615,0.5489,0.6008
1/11/2024,0.6008,0.624,0.5856,0.6019
1/12/2024,0.6019,0.6035,0.5515,0.5699
1/13/2024,0.5699,0.5775,0.563,0.5747
1/14/2024,0.5746,0.5932,0.5717,0.5763
1/15/2024,0.5763,0.5895,0.5687,0.5757
1/16/2024,0.5757,0.5797,0.5659,0.5757
